timestamp,hour,minute,day_of_week,is_weekday,hour_sin,hour_cos,dow_sin,dow_cos,gpu_utilization,queue_depth,gpu_demand,gpu_demand_next_15m
2026-08-10 00:00:00,0,0,0,1,0.0,1.0,0.0,1.0,11.99,2,0.917,0.457
2026-08-10 00:05:00,0,5,0,1,0.02181488503456112,0.9997620270799091,0.0,1.0,9.06,0,0.655,0.303
2026-08-10 00:10:00,0,10,0,1,0.043619387365336,0.9990482215818578,0.0,1.0,11.12,2,1.192,0.604
2026-08-10 00:15:00,0,15,0,1,0.06540312923014306,0.9978589232386035,0.0,1.0,7.68,0,0.457,0.086
2026-08-10 00:20:00,0,20,0,1,0.08715574274765817,0.9961946980917455,0.0,1.0,10.97,0,0.303,0.778
2026-08-10 00:25:00,0,25,0,1,0.10886687485196457,0.9940563382223196,0.0,1.0,13.27,0,0.604,0.659
2026-08-10 00:30:00,0,30,0,1,0.13052619222005157,0.9914448613738104,0.0,1.0,6.37,0,0.086,0.52
2026-08-10 00:35:00,0,35,0,1,0.15212338618991672,0.9883615104677607,0.0,1.0,7.48,1,0.778,0.478
2026-08-10 00:40:00,0,40,0,1,0.17364817766693033,0.984807753012208,0.0,1.0,7.82,1,0.659,0.843
2026-08-10 00:45:00,0,45,0,1,0.19509032201612825,0.9807852804032304,0.0,1.0,7.6,1,0.52,2.047
2026-08-10 00:50:00,0,50,0,1,0.21643961393810288,0.9762960071199334,0.0,1.0,9.95,0,0.478,1.088
2026-08-10 00:55:00,0,55,0,1,0.23768589232617307,0.9713420698132614,0.0,1.0,9.08,2,0.843,0.002
2026-08-10 01:00:00,1,0,0,1,0.25881904510252074,0.9659258262890683,0.0,1.0,21.11,3,2.047,0.97
2026-08-10 01:05:00,1,5,0,1,0.27982901403099203,0.9600498543859287,0.0,1.0,12.95,1,1.088,0.479
2026-08-10 01:10:00,1,10,0,1,0.3007057995042732,0.9537169507482269,0.0,1.0,5.96,0,0.002,1.253
2026-08-10 01:15:00,1,15,0,1,0.3214394653031616,0.9469301294951057,0.0,1.0,8.16,1,0.97,0.547
2026-08-10 01:20:00,1,20,0,1,0.3420201433256687,0.9396926207859084,0.0,1.0,5.48,1,0.479,1.199
2026-08-10 01:25:00,1,25,0,1,0.36243803828370164,0.9320078692827986,0.0,1.0,12.33,2,1.253,0.62
2026-08-10 01:30:00,1,30,0,1,0.3826834323650898,0.9238795325112867,0.0,1.0,9.17,0,0.547,1.467
2026-08-10 01:35:00,1,35,0,1,0.40274668985873724,0.9153114791194471,0.0,1.0,11.33,1,1.199,0.722
2026-08-10 01:40:00,1,40,0,1,0.4226182617406994,0.9063077870366499,0.0,1.0,9.29,0,0.62,1.258
2026-08-10 01:45:00,1,45,0,1,0.44228869021900125,0.8968727415326884,0.0,1.0,13.25,3,1.467,0.654
2026-08-10 01:50:00,1,50,0,1,0.46174861323503397,0.8870108331782217,0.0,1.0,11.45,2,0.722,0.738
2026-08-10 01:55:00,1,55,0,1,0.48098876891938763,0.8767267557075077,0.0,1.0,9.86,1,1.258,1.095
2026-08-10 02:00:00,2,0,0,1,0.49999999999999994,0.8660254037844387,0.0,1.0,8.41,0,0.654,1.117
2026-08-10 02:05:00,2,5,0,1,0.5187732581605214,0.8549118706729466,0.0,1.0,10.35,1,0.738,0.604
2026-08-10 02:10:00,2,10,0,1,0.5372996083468238,0.8433914458128857,0.0,1.0,13.61,1,1.095,1.192
2026-08-10 02:15:00,2,15,0,1,0.5555702330196022,0.8314696123025452,0.0,1.0,15.91,1,1.117,1.122
2026-08-10 02:20:00,2,20,0,1,0.5735764363510462,0.8191520442889918,0.0,1.0,9.15,0,0.604,0.608
2026-08-10 02:25:00,2,25,0,1,0.5913096483635824,0.8064446042674827,0.0,1.0,13.66,2,1.192,0.973
2026-08-10 02:30:00,2,30,0,1,0.6087614290087207,0.7933533402912352,0.0,1.0,10.39,3,1.122,0.104
2026-08-10 02:35:00,2,35,0,1,0.6259234721840591,0.7798844830928818,0.0,1.0,8.97,0,0.608,0.45
2026-08-10 02:40:00,2,40,0,1,0.6427876096865393,0.766044443118978,0.0,1.0,11.18,1,0.973,1.456
2026-08-10 02:45:00,2,45,0,1,0.6593458151000688,0.7518398074789774,0.0,1.0,0.0,0,0.104,0.292
2026-08-10 02:50:00,2,50,0,1,0.6755902076156602,0.7372773368101241,0.0,1.0,8.63,1,0.45,1.558
2026-08-10 02:55:00,2,55,0,1,0.6915130557822694,0.7223639620597556,0.0,1.0,17.54,2,1.456,0.875
2026-08-10 03:00:00,3,0,0,1,0.7071067811865476,0.7071067811865476,0.0,1.0,9.93,0,0.292,0.438
2026-08-10 03:05:00,3,5,0,1,0.7223639620597555,0.6915130557822694,0.0,1.0,10.24,2,1.558,1.391
2026-08-10 03:10:00,3,10,0,1,0.737277336810124,0.6755902076156602,0.0,1.0,11.91,1,0.875,0.959
2026-08-10 03:15:00,3,15,0,1,0.7518398074789774,0.6593458151000688,0.0,1.0,9.86,1,0.438,0.541
2026-08-10 03:20:00,3,20,0,1,0.766044443118978,0.6427876096865394,0.0,1.0,14.57,2,1.391,1.608
2026-08-10 03:25:00,3,25,0,1,0.7798844830928817,0.6259234721840591,0.0,1.0,6.79,2,0.959,0.324
2026-08-10 03:30:00,3,30,0,1,0.7933533402912352,0.6087614290087207,0.0,1.0,6.48,1,0.541,0.971
2026-08-10 03:35:00,3,35,0,1,0.8064446042674825,0.5913096483635825,0.0,1.0,16.83,2,1.608,0.453
2026-08-10 03:40:00,3,40,0,1,0.8191520442889917,0.5735764363510462,0.0,1.0,3.8,1,0.324,1.292
2026-08-10 03:45:00,3,45,0,1,0.8314696123025451,0.5555702330196024,0.0,1.0,6.32,2,0.971,0.341
2026-08-10 03:50:00,3,50,0,1,0.8433914458128856,0.5372996083468239,0.0,1.0,6.87,2,0.453,0.696
2026-08-10 03:55:00,3,55,0,1,0.8549118706729466,0.5187732581605216,0.0,1.0,14.18,1,1.292,1.056
2026-08-10 04:00:00,4,0,0,1,0.8660254037844386,0.5000000000000001,0.0,1.0,3.57,0,0.341,1.127
2026-08-10 04:05:00,4,5,0,1,0.8767267557075077,0.48098876891938774,0.0,1.0,4.24,1,0.696,0.679
2026-08-10 04:10:00,4,10,0,1,0.8870108331782217,0.46174861323503386,0.0,1.0,12.09,3,1.056,0.491
2026-08-10 04:15:00,4,15,0,1,0.8968727415326884,0.44228869021900125,0.0,1.0,10.91,1,1.127,0.749
2026-08-10 04:20:00,4,20,0,1,0.9063077870366498,0.4226182617406996,0.0,1.0,11.17,1,0.679,0.925
2026-08-10 04:25:00,4,25,0,1,0.9153114791194471,0.40274668985873724,0.0,1.0,10.7,1,0.491,1.632
2026-08-10 04:30:00,4,30,0,1,0.9238795325112867,0.38268343236508984,0.0,1.0,12.94,1,0.749,0.13
2026-08-10 04:35:00,4,35,0,1,0.9320078692827984,0.3624380382837017,0.0,1.0,14.63,2,0.925,0.878
2026-08-10 04:40:00,4,40,0,1,0.9396926207859084,0.3420201433256686,0.0,1.0,13.29,2,1.632,1.24
2026-08-10 04:45:00,4,45,0,1,0.9469301294951056,0.3214394653031617,0.0,1.0,4.52,0,0.13,0.34
2026-08-10 04:50:00,4,50,0,1,0.9537169507482268,0.3007057995042733,0.0,1.0,9.69,2,0.878,0.772
2026-08-10 04:55:00,4,55,0,1,0.9600498543859287,0.27982901403099203,0.0,1.0,10.05,1,1.24,0.943
2026-08-10 05:00:00,5,0,0,1,0.9659258262890683,0.25881904510252074,0.0,1.0,4.37,1,0.34,0.982
2026-08-10 05:05:00,5,5,0,1,0.9713420698132614,0.2376858923261731,0.0,1.0,10.17,1,0.772,1.032
2026-08-10 05:10:00,5,10,0,1,0.9762960071199334,0.2164396139381029,0.0,1.0,9.11,1,0.943,0.495
2026-08-10 05:15:00,5,15,0,1,0.9807852804032304,0.19509032201612833,0.0,1.0,9.5,4,0.982,0.631
2026-08-10 05:20:00,5,20,0,1,0.984807753012208,0.17364817766693041,0.0,1.0,14.18,1,1.032,1.154
2026-08-10 05:25:00,5,25,0,1,0.9883615104677607,0.1521233861899168,0.0,1.0,10.86,2,0.495,0.908
2026-08-10 05:30:00,5,30,0,1,0.9914448613738104,0.1305261922200517,0.0,1.0,10.92,1,0.631,1.119
2026-08-10 05:35:00,5,35,0,1,0.9940563382223196,0.10886687485196474,0.0,1.0,14.23,2,1.154,1.262
2026-08-10 05:40:00,5,40,0,1,0.9961946980917455,0.08715574274765814,0.0,1.0,6.16,1,0.908,0.927
2026-08-10 05:45:00,5,45,0,1,0.9978589232386035,0.06540312923014327,0.0,1.0,12.06,3,1.119,0.482
2026-08-10 05:50:00,5,50,0,1,0.9990482215818578,0.04361938736533601,0.0,1.0,15.75,2,1.262,0.627
2026-08-10 05:55:00,5,55,0,1,0.9997620270799091,0.021814885034560937,0.0,1.0,10.93,1,0.927,0.536
2026-08-10 06:00:00,6,0,0,1,1.0,6.123233995736766e-17,0.0,1.0,6.91,0,0.482,0.414
2026-08-10 06:05:00,6,5,0,1,0.9997620270799091,-0.02181488503456081,0.0,1.0,9.84,0,0.627,0.775
2026-08-10 06:10:00,6,10,0,1,0.9990482215818578,-0.04361938736533589,0.0,1.0,12.75,0,0.536,0.619
2026-08-10 06:15:00,6,15,0,1,0.9978589232386035,-0.06540312923014314,0.0,1.0,6.43,0,0.414,1.485
2026-08-10 06:20:00,6,20,0,1,0.9961946980917455,-0.08715574274765801,0.0,1.0,7.14,2,0.775,0.947
2026-08-10 06:25:00,6,25,0,1,0.9940563382223196,-0.10886687485196461,0.0,1.0,10.18,0,0.619,0.512
2026-08-10 06:30:00,6,30,0,1,0.9914448613738104,-0.1305261922200516,0.0,1.0,15.45,3,1.485,1.051
2026-08-10 06:35:00,6,35,0,1,0.9883615104677607,-0.1521233861899167,0.0,1.0,14.19,1,0.947,0.452
2026-08-10 06:40:00,6,40,0,1,0.984807753012208,-0.1736481776669303,0.0,1.0,6.83,0,0.512,1.482
2026-08-10 06:45:00,6,45,0,1,0.9807852804032304,-0.1950903220161282,0.0,1.0,6.91,1,1.051,1.789
2026-08-10 06:50:00,6,50,0,1,0.9762960071199334,-0.2164396139381028,0.0,1.0,8.1,0,0.452,0.182
2026-08-10 06:55:00,6,55,0,1,0.9713420698132614,-0.23768589232617318,0.0,1.0,13.78,2,1.482,1.286
2026-08-10 07:00:00,7,0,0,1,0.9659258262890683,-0.25881904510252063,0.0,1.0,18.49,2,1.789,0.0
2026-08-10 07:05:00,7,5,0,1,0.9600498543859287,-0.2798290140309919,0.0,1.0,7.08,1,0.182,0.0
2026-08-10 07:10:00,7,10,0,1,0.9537169507482269,-0.30070579950427295,0.0,1.0,9.05,1,1.286,0.619
2026-08-10 07:15:00,7,15,0,1,0.9469301294951057,-0.3214394653031616,0.0,1.0,0.0,0,0.0,1.203
2026-08-10 07:20:00,7,20,0,1,0.9396926207859084,-0.3420201433256685,0.0,1.0,2.02,1,0.0,0.684
2026-08-10 07:25:00,7,25,0,1,0.9320078692827986,-0.3624380382837016,0.0,1.0,9.49,1,0.619,1.045
2026-08-10 07:30:00,7,30,0,1,0.9238795325112868,-0.3826834323650895,0.0,1.0,11.62,1,1.203,0.936
2026-08-10 07:35:00,7,35,0,1,0.9153114791194472,-0.40274668985873713,0.0,1.0,10.8,1,0.684,1.041
2026-08-10 07:40:00,7,40,0,1,0.90630778703665,-0.42261826174069933,0.0,1.0,12.59,1,1.045,0.703
2026-08-10 07:45:00,7,45,0,1,0.8968727415326884,-0.44228869021900113,0.0,1.0,16.34,1,0.936,0.944
2026-08-10 07:50:00,7,50,0,1,0.8870108331782218,-0.4617486132350338,0.0,1.0,12.75,1,1.041,0.866
2026-08-10 07:55:00,7,55,0,1,0.8767267557075076,-0.48098876891938785,0.0,1.0,11.12,1,0.703,1.54
2026-08-10 08:00:00,8,0,0,1,0.8660254037844387,-0.4999999999999998,0.0,1.0,13.54,1,0.944,0.367
2026-08-10 08:05:00,8,5,0,1,0.8549118706729465,-0.5187732581605216,0.0,1.0,7.64,1,0.866,0.829
2026-08-10 08:10:00,8,10,0,1,0.8433914458128858,-0.5372996083468236,0.0,1.0,13.81,4,1.54,0.934
2026-08-10 08:15:00,8,15,0,1,0.8314696123025451,-0.5555702330196023,0.0,1.0,6.68,1,0.367,6.908
2026-08-10 08:20:00,8,20,0,1,0.8191520442889917,-0.5735764363510462,0.0,1.0,9.92,1,0.829,6.788
2026-08-10 08:25:00,8,25,0,1,0.8064446042674828,-0.5913096483635821,0.0,1.0,7.32,3,0.934,6.788
2026-08-10 08:30:00,8,30,0,1,0.7933533402912352,-0.6087614290087207,0.0,1.0,83.3,10,6.908,6.775
2026-08-10 08:35:00,8,35,0,1,0.7798844830928817,-0.6259234721840591,0.0,1.0,81.36,11,6.788,7.176
2026-08-10 08:40:00,8,40,0,1,0.7660444431189783,-0.642787609686539,0.0,1.0,81.65,10,6.788,6.934
2026-08-10 08:45:00,8,45,0,1,0.7518398074789774,-0.6593458151000688,0.0,1.0,85.18,11,6.775,6.774
2026-08-10 08:50:00,8,50,0,1,0.7372773368101241,-0.6755902076156602,0.0,1.0,81.86,10,7.176,7.356
2026-08-10 08:55:00,8,55,0,1,0.7223639620597556,-0.6915130557822693,0.0,1.0,91.16,11,6.934,7.775
2026-08-10 09:00:00,9,0,0,1,0.7071067811865476,-0.7071067811865475,0.0,1.0,84.7,10,6.774,7.175
2026-08-10 09:05:00,9,5,0,1,0.6915130557822694,-0.7223639620597555,0.0,1.0,92.5,11,7.356,7.76
2026-08-10 09:10:00,9,10,0,1,0.6755902076156604,-0.737277336810124,0.0,1.0,92.1,11,7.775,6.497
2026-08-10 09:15:00,9,15,0,1,0.659345815100069,-0.7518398074789773,0.0,1.0,91.59,10,7.175,7.145
2026-08-10 09:20:00,9,20,0,1,0.6427876096865391,-0.7660444431189782,0.0,1.0,93.73,11,7.76,7.714
2026-08-10 09:25:00,9,25,0,1,0.6259234721840592,-0.7798844830928817,0.0,1.0,86.49,12,6.497,7.43
2026-08-10 09:30:00,9,30,0,1,0.6087614290087209,-0.793353340291235,0.0,1.0,90.12,11,7.145,7.414
2026-08-10 09:35:00,9,35,0,1,0.5913096483635822,-0.8064446042674827,0.0,1.0,97.03,11,7.714,7.667
2026-08-10 09:40:00,9,40,0,1,0.5735764363510464,-0.8191520442889916,0.0,1.0,92.89,11,7.43,7.623
2026-08-10 09:45:00,9,45,0,1,0.5555702330196025,-0.831469612302545,0.0,1.0,95.78,12,7.414,7.917
2026-08-10 09:50:00,9,50,0,1,0.5372996083468238,-0.8433914458128857,0.0,1.0,94.34,11,7.667,7.763
2026-08-10 09:55:00,9,55,0,1,0.5187732581605218,-0.8549118706729464,0.0,1.0,93.57,12,7.623,8.0
2026-08-10 10:00:00,10,0,0,1,0.49999999999999994,-0.8660254037844387,0.0,1.0,95.28,12,7.917,8.0
2026-08-10 10:05:00,10,5,0,1,0.48098876891938763,-0.8767267557075077,0.0,1.0,96.84,11,7.763,7.785
2026-08-10 10:10:00,10,10,0,1,0.4617486132350339,-0.8870108331782217,0.0,1.0,100.0,12,8.0,7.031
2026-08-10 10:15:00,10,15,0,1,0.4422886902190017,-0.8968727415326881,0.0,1.0,99.29,13,8.0,7.241
2026-08-10 10:20:00,10,20,0,1,0.4226182617406995,-0.9063077870366499,0.0,1.0,93.65,12,7.785,7.514
2026-08-10 10:25:00,10,25,0,1,0.4027466898587373,-0.9153114791194471,0.0,1.0,92.96,10,7.031,7.446
2026-08-10 10:30:00,10,30,0,1,0.3826834323650899,-0.9238795325112867,0.0,1.0,89.95,13,7.241,7.14
2026-08-10 10:35:00,10,35,0,1,0.36243803828370136,-0.9320078692827987,0.0,1.0,96.09,12,7.514,7.029
2026-08-10 10:40:00,10,40,0,1,0.3420201433256689,-0.9396926207859083,0.0,1.0,86.21,13,7.446,6.398
2026-08-10 10:45:00,10,45,0,1,0.32143946530316175,-0.9469301294951056,0.0,1.0,90.31,12,7.14,7.174
2026-08-10 10:50:00,10,50,0,1,0.30070579950427334,-0.9537169507482268,0.0,1.0,82.79,13,7.029,6.95
2026-08-10 10:55:00,10,55,0,1,0.2798290140309927,-0.9600498543859285,0.0,1.0,82.23,9,6.398,6.533
2026-08-10 11:00:00,11,0,0,1,0.258819045102521,-0.9659258262890682,0.0,1.0,88.54,12,7.174,6.354
2026-08-10 11:05:00,11,5,0,1,0.23768589232617293,-0.9713420698132614,0.0,1.0,84.54,10,6.95,7.111
2026-08-10 11:10:00,11,10,0,1,0.21643961393810318,-0.9762960071199333,0.0,1.0,79.66,10,6.533,6.883
2026-08-10 11:15:00,11,15,0,1,0.19509032201612816,-0.9807852804032304,0.0,1.0,80.57,10,6.354,7.017
2026-08-10 11:20:00,11,20,0,1,0.17364817766693028,-0.984807753012208,0.0,1.0,83.06,11,7.111,0.611
2026-08-10 11:25:00,11,25,0,1,0.15212338618991708,-0.9883615104677607,0.0,1.0,85.41,10,6.883,1.042
2026-08-10 11:30:00,11,30,0,1,0.130526192220052,-0.9914448613738104,0.0,1.0,82.58,11,7.017,1.303
2026-08-10 11:35:00,11,35,0,1,0.10886687485196457,-0.9940563382223196,0.0,1.0,14.23,0,0.611,1.213
2026-08-10 11:40:00,11,40,0,1,0.0871557427476582,-0.9961946980917455,0.0,1.0,13.54,1,1.042,1.034
2026-08-10 11:45:00,11,45,0,1,0.06540312923014312,-0.9978589232386035,0.0,1.0,16.01,1,1.303,3.713
2026-08-10 11:50:00,11,50,0,1,0.043619387365335625,-0.9990482215818578,0.0,1.0,13.93,2,1.213,3.527
2026-08-10 11:55:00,11,55,0,1,0.021814885034561218,-0.9997620270799091,0.0,1.0,9.94,1,1.034,3.435
2026-08-10 12:00:00,12,0,0,1,1.2246467991473532e-16,-1.0,0.0,1.0,46.54,5,3.713,3.752
2026-08-10 12:05:00,12,5,0,1,-0.021814885034560975,-0.9997620270799091,0.0,1.0,49.49,5,3.527,3.436
2026-08-10 12:10:00,12,10,0,1,-0.04361938736533538,-0.9990482215818578,0.0,1.0,46.47,5,3.435,3.171
2026-08-10 12:15:00,12,15,0,1,-0.06540312923014287,-0.9978589232386035,0.0,1.0,47.99,5,3.752,3.255
2026-08-10 12:20:00,12,20,0,1,-0.08715574274765794,-0.9961946980917455,0.0,1.0,41.06,5,3.436,2.934
2026-08-10 12:25:00,12,25,0,1,-0.10886687485196432,-0.9940563382223196,0.0,1.0,41.74,4,3.171,4.126
2026-08-10 12:30:00,12,30,0,1,-0.13052619222005177,-0.9914448613738104,0.0,1.0,44.57,4,3.255,3.498
2026-08-10 12:35:00,12,35,0,1,-0.15212338618991683,-0.9883615104677607,0.0,1.0,45.23,5,2.934,3.257
2026-08-10 12:40:00,12,40,0,1,-0.17364817766693003,-0.9848077530122081,0.0,1.0,47.06,6,4.126,4.267
2026-08-10 12:45:00,12,45,0,1,-0.19509032201612792,-0.9807852804032305,0.0,1.0,44.55,6,3.498,4.052
2026-08-10 12:50:00,12,50,0,1,-0.21643961393810293,-0.9762960071199334,0.0,1.0,42.88,4,3.257,5.218
2026-08-10 12:55:00,12,55,0,1,-0.2376858923261727,-0.9713420698132615,0.0,1.0,54.5,6,4.267,4.996
2026-08-10 13:00:00,13,0,0,1,-0.2588190451025208,-0.9659258262890683,0.0,1.0,51.58,6,4.052,4.872
2026-08-10 13:05:00,13,5,0,1,-0.2798290140309925,-0.9600498543859286,0.0,1.0,68.93,8,5.218,5.292
2026-08-10 13:10:00,13,10,0,1,-0.30070579950427306,-0.9537169507482269,0.0,1.0,62.16,7,4.996,4.876
2026-08-10 13:15:00,13,15,0,1,-0.32143946530316153,-0.9469301294951057,0.0,1.0,60.14,7,4.872,5.79
2026-08-10 13:20:00,13,20,0,1,-0.34202014332566866,-0.9396926207859084,0.0,1.0,66.33,7,5.292,5.206
2026-08-10 13:25:00,13,25,0,1,-0.36243803828370114,-0.9320078692827987,0.0,1.0,65.0,7,4.876,6.174
2026-08-10 13:30:00,13,30,0,1,-0.38268343236508967,-0.9238795325112868,0.0,1.0,68.96,9,5.79,5.238
2026-08-10 13:35:00,13,35,0,1,-0.4027466898587371,-0.9153114791194472,0.0,1.0,65.09,7,5.206,6.469
2026-08-10 13:40:00,13,40,0,1,-0.4226182617406993,-0.90630778703665,0.0,1.0,75.16,9,6.174,5.683
2026-08-10 13:45:00,13,45,0,1,-0.44228869021900147,-0.8968727415326883,0.0,1.0,67.99,7,5.238,5.316
2026-08-10 13:50:00,13,50,0,1,-0.46174861323503413,-0.8870108331782216,0.0,1.0,73.7,9,6.469,5.275
2026-08-10 13:55:00,13,55,0,1,-0.4809887689193874,-0.8767267557075078,0.0,1.0,70.56,8,5.683,5.14
2026-08-10 14:00:00,14,0,0,1,-0.4999999999999997,-0.8660254037844388,0.0,1.0,68.28,7,5.316,5.865
2026-08-10 14:05:00,14,5,0,1,-0.5187732581605216,-0.8549118706729465,0.0,1.0,67.98,8,5.275,5.662
2026-08-10 14:10:00,14,10,0,1,-0.5372996083468236,-0.8433914458128858,0.0,1.0,61.68,8,5.14,5.451
2026-08-10 14:15:00,14,15,0,1,-0.555570233019602,-0.8314696123025455,0.0,1.0,73.63,10,5.865,5.062
2026-08-10 14:20:00,14,20,0,1,-0.5735764363510458,-0.819152044288992,0.0,1.0,74.44,9,5.662,5.632
2026-08-10 14:25:00,14,25,0,1,-0.5913096483635824,-0.8064446042674825,0.0,1.0,66.09,9,5.451,5.609
2026-08-10 14:30:00,14,30,0,1,-0.6087614290087207,-0.7933533402912352,0.0,1.0,70.04,7,5.062,5.718
2026-08-10 14:35:00,14,35,0,1,-0.6259234721840591,-0.7798844830928818,0.0,1.0,71.55,9,5.632,5.966
2026-08-10 14:40:00,14,40,0,1,-0.6427876096865389,-0.7660444431189783,0.0,1.0,69.1,8,5.609,6.446
2026-08-10 14:45:00,14,45,0,1,-0.6593458151000688,-0.7518398074789774,0.0,1.0,71.3,8,5.718,6.085
2026-08-10 14:50:00,14,50,0,1,-0.6755902076156601,-0.7372773368101241,0.0,1.0,71.73,9,5.966,6.054
2026-08-10 14:55:00,14,55,0,1,-0.691513055782269,-0.722363962059756,0.0,1.0,71.44,9,6.446,5.964
2026-08-10 15:00:00,15,0,0,1,-0.7071067811865471,-0.7071067811865479,0.0,1.0,76.82,11,6.085,5.986
2026-08-10 15:05:00,15,5,0,1,-0.7223639620597557,-0.6915130557822692,0.0,1.0,75.34,9,6.054,5.798
2026-08-10 15:10:00,15,10,0,1,-0.7372773368101239,-0.6755902076156604,0.0,1.0,75.13,8,5.964,5.401
2026-08-10 15:15:00,15,15,0,1,-0.7518398074789773,-0.6593458151000691,0.0,1.0,74.4,9,5.986,6.31
2026-08-10 15:20:00,15,20,0,1,-0.7660444431189779,-0.6427876096865395,0.0,1.0,73.67,9,5.798,5.295
2026-08-10 15:25:00,15,25,0,1,-0.7798844830928814,-0.6259234721840596,0.0,1.0,66.15,9,5.401,6.035
2026-08-10 15:30:00,15,30,0,1,-0.7933533402912349,-0.6087614290087209,0.0,1.0,74.0,9,6.31,6.304
2026-08-10 15:35:00,15,35,0,1,-0.8064446042674827,-0.5913096483635822,0.0,1.0,67.5,8,5.295,6.206
2026-08-10 15:40:00,15,40,0,1,-0.8191520442889916,-0.5735764363510464,0.0,1.0,76.25,9,6.035,5.956
2026-08-10 15:45:00,15,45,0,1,-0.8314696123025452,-0.5555702330196022,0.0,1.0,78.45,10,6.304,6.094
2026-08-10 15:50:00,15,50,0,1,-0.8433914458128859,-0.5372996083468234,0.0,1.0,75.44,9,6.206,5.353
2026-08-10 15:55:00,15,55,0,1,-0.8549118706729466,-0.5187732581605214,0.0,1.0,76.01,9,5.956,6.535
2026-08-10 16:00:00,16,0,0,1,-0.8660254037844385,-0.5000000000000004,0.0,1.0,75.24,9,6.094,6.191
2026-08-10 16:05:00,16,5,0,1,-0.8767267557075072,-0.48098876891938847,0.0,1.0,69.97,9,5.353,5.858
2026-08-10 16:10:00,16,10,0,1,-0.8870108331782218,-0.4617486132350336,0.0,1.0,80.17,10,6.535,6.566
2026-08-10 16:15:00,16,15,0,1,-0.8968727415326883,-0.44228869021900136,0.0,1.0,79.06,9,6.191,5.355
2026-08-10 16:20:00,16,20,0,1,-0.9063077870366497,-0.42261826174069994,0.0,1.0,76.69,9,5.858,4.839
2026-08-10 16:25:00,16,25,0,1,-0.9153114791194471,-0.40274668985873735,0.0,1.0,75.04,9,6.566,6.645
2026-08-10 16:30:00,16,30,0,1,-0.9238795325112868,-0.3826834323650895,0.0,1.0,68.86,9,5.355,6.513
2026-08-10 16:35:00,16,35,0,1,-0.9320078692827984,-0.3624380382837018,0.0,1.0,69.21,8,4.839,6.741
2026-08-10 16:40:00,16,40,0,1,-0.9396926207859084,-0.34202014332566855,0.0,1.0,73.15,10,6.645,5.792
2026-08-10 16:45:00,16,45,0,1,-0.9469301294951056,-0.3214394653031618,0.0,1.0,79.2,11,6.513,6.64
2026-08-10 16:50:00,16,50,0,1,-0.9537169507482267,-0.3007057995042738,0.0,1.0,79.22,10,6.741,5.457
2026-08-10 16:55:00,16,55,0,1,-0.9600498543859286,-0.27982901403099236,0.0,1.0,72.03,9,5.792,4.78
2026-08-10 17:00:00,17,0,0,1,-0.9659258262890683,-0.25881904510252063,0.0,1.0,81.03,9,6.64,5.678
2026-08-10 17:05:00,17,5,0,1,-0.9713420698132613,-0.23768589232617343,0.0,1.0,69.81,9,5.457,5.919
2026-08-10 17:10:00,17,10,0,1,-0.9762960071199334,-0.21643961393810282,0.0,1.0,65.95,7,4.78,5.082
2026-08-10 17:15:00,17,15,0,1,-0.9807852804032303,-0.19509032201612866,0.0,1.0,68.62,8,5.678,4.568
2026-08-10 17:20:00,17,20,0,1,-0.9848077530122079,-0.1736481776669312,0.0,1.0,67.72,8,5.919,6.337
2026-08-10 17:25:00,17,25,0,1,-0.9883615104677608,-0.15212338618991628,0.0,1.0,64.08,7,5.082,5.196
2026-08-10 17:30:00,17,30,0,1,-0.9914448613738104,-0.13052619222005163,0.0,1.0,57.3,7,4.568,5.02
2026-08-10 17:35:00,17,35,0,1,-0.9940563382223195,-0.10886687485196507,0.0,1.0,74.98,9,6.337,5.112
2026-08-10 17:40:00,17,40,0,1,-0.9961946980917455,-0.08715574274765825,0.0,1.0,63.01,8,5.196,5.252
2026-08-10 17:45:00,17,45,0,1,-0.9978589232386035,-0.06540312923014273,0.0,1.0,63.37,8,5.02,5.026
2026-08-10 17:50:00,17,50,0,1,-0.9990482215818578,-0.04361938736533613,0.0,1.0,63.34,8,5.112,0.447
2026-08-10 17:55:00,17,55,0,1,-0.9997620270799091,-0.021814885034560836,0.0,1.0,65.06,7,5.252,0.577
2026-08-10 18:00:00,18,0,0,1,-1.0,-1.8369701987210297e-16,0.0,1.0,64.87,7,5.026,0.816
2026-08-10 18:05:00,18,5,0,1,-0.9997620270799091,0.021814885034560468,0.0,1.0,15.55,0,0.447,0.669
2026-08-10 18:10:00,18,10,0,1,-0.9990482215818578,0.043619387365335764,0.0,1.0,14.98,0,0.577,1.481
2026-08-10 18:15:00,18,15,0,1,-0.9978589232386036,0.06540312923014237,0.0,1.0,11.16,2,0.816,0.356
2026-08-10 18:20:00,18,20,0,1,-0.9961946980917455,0.08715574274765789,0.0,1.0,13.33,1,0.669,0.792
2026-08-10 18:25:00,18,25,0,1,-0.9940563382223196,0.10886687485196471,0.0,1.0,13.74,2,1.481,0.623
2026-08-10 18:30:00,18,30,0,1,-0.9914448613738105,0.13052619222005127,0.0,1.0,7.18,1,0.356,0.778
2026-08-10 18:35:00,18,35,0,1,-0.9883615104677609,0.15212338618991592,0.0,1.0,10.39,1,0.792,0.639
2026-08-10 18:40:00,18,40,0,1,-0.984807753012208,0.17364817766693083,0.0,1.0,5.11,0,0.623,0.795
2026-08-10 18:45:00,18,45,0,1,-0.9807852804032304,0.1950903220161283,0.0,1.0,13.26,3,0.778,0.152
2026-08-10 18:50:00,18,50,0,1,-0.9762960071199335,0.21643961393810246,0.0,1.0,5.68,0,0.639,0.618
2026-08-10 18:55:00,18,55,0,1,-0.9713420698132614,0.23768589232617307,0.0,1.0,3.32,3,0.795,0.643
2026-08-10 19:00:00,19,0,0,1,-0.9659258262890684,0.2588190451025203,0.0,1.0,7.18,0,0.152,1.102
2026-08-10 19:05:00,19,5,0,1,-0.9600498543859287,0.279829014030992,0.0,1.0,13.03,0,0.618,1.691
2026-08-10 19:10:00,19,10,0,1,-0.9537169507482268,0.30070579950427345,0.0,1.0,1.67,0,0.643,0.799
2026-08-10 19:15:00,19,15,0,1,-0.9469301294951057,0.3214394653031615,0.0,1.0,13.89,2,1.102,0.394
2026-08-10 19:20:00,19,20,0,1,-0.9396926207859085,0.34202014332566816,0.0,1.0,18.62,2,1.691,0.444
2026-08-10 19:25:00,19,25,0,1,-0.9320078692827986,0.36243803828370147,0.0,1.0,10.68,2,0.799,1.271
2026-08-10 19:30:00,19,30,0,1,-0.923879532511287,0.38268343236508917,0.0,1.0,7.84,0,0.394,1.79
2026-08-10 19:35:00,19,35,0,1,-0.9153114791194472,0.402746689858737,0.0,1.0,3.48,0,0.444,0.991
2026-08-10 19:40:00,19,40,0,1,-0.9063077870366498,0.4226182617406996,0.0,1.0,14.12,1,1.271,0.608
2026-08-10 19:45:00,19,45,0,1,-0.8968727415326884,0.442288690219001,0.0,1.0,16.48,3,1.79,4.348
2026-08-10 19:50:00,19,50,0,1,-0.887010833178222,0.46174861323503325,0.0,1.0,9.37,1,0.991,3.782
2026-08-10 19:55:00,19,55,0,1,-0.8767267557075075,0.48098876891938813,0.0,1.0,7.5,0,0.608,4.564
2026-08-10 20:00:00,20,0,0,1,-0.8660254037844386,0.5000000000000001,0.0,1.0,53.61,6,4.348,4.886
2026-08-10 20:05:00,20,5,0,1,-0.8549118706729468,0.5187732581605211,0.0,1.0,52.55,5,3.782,4.139
2026-08-10 20:10:00,20,10,0,1,-0.8433914458128857,0.5372996083468239,0.0,1.0,60.37,6,4.564,5.19
2026-08-10 20:15:00,20,15,0,1,-0.8314696123025455,0.5555702330196018,0.0,1.0,51.2,9,4.886,4.36
2026-08-10 20:20:00,20,20,0,1,-0.8191520442889918,0.573576436351046,0.0,1.0,57.43,6,4.139,4.92
2026-08-10 20:25:00,20,25,0,1,-0.8064446042674829,0.591309648363582,0.0,1.0,65.24,7,5.19,4.458
2026-08-10 20:30:00,20,30,0,1,-0.7933533402912357,0.6087614290087199,0.0,1.0,53.59,6,4.36,4.128
2026-08-10 20:35:00,20,35,0,1,-0.7798844830928816,0.6259234721840593,0.0,1.0,54.86,8,4.92,3.91
2026-08-10 20:40:00,20,40,0,1,-0.7660444431189781,0.6427876096865393,0.0,1.0,57.83,7,4.458,4.705
2026-08-10 20:45:00,20,45,0,1,-0.7518398074789772,0.6593458151000691,0.0,1.0,57.49,6,4.128,4.805
2026-08-10 20:50:00,20,50,0,1,-0.7372773368101242,0.6755902076156601,0.0,1.0,49.72,5,3.91,3.894
2026-08-10 20:55:00,20,55,0,1,-0.7223639620597554,0.6915130557822695,0.0,1.0,56.52,8,4.705,4.6
2026-08-10 21:00:00,21,0,0,1,-0.7071067811865477,0.7071067811865474,0.0,1.0,58.34,7,4.805,4.702
2026-08-10 21:05:00,21,5,0,1,-0.6915130557822698,0.7223639620597551,0.0,1.0,48.89,7,3.894,4.37
2026-08-10 21:10:00,21,10,0,1,-0.6755902076156598,0.7372773368101244,0.0,1.0,56.72,6,4.6,4.418
2026-08-10 21:15:00,21,15,0,1,-0.6593458151000687,0.7518398074789775,0.0,1.0,58.27,7,4.702,4.101
2026-08-10 21:20:00,21,20,0,1,-0.6427876096865396,0.7660444431189778,0.0,1.0,50.68,9,4.37,4.327
2026-08-10 21:25:00,21,25,0,1,-0.625923472184059,0.7798844830928818,0.0,1.0,55.11,6,4.418,4.357
2026-08-10 21:30:00,21,30,0,1,-0.608761429008721,0.7933533402912349,0.0,1.0,49.38,6,4.101,4.922
2026-08-10 21:35:00,21,35,0,1,-0.591309648363583,0.8064446042674821,0.0,1.0,55.89,6,4.327,4.763
2026-08-10 21:40:00,21,40,0,1,-0.5735764363510465,0.8191520442889916,0.0,1.0,53.96,6,4.357,4.642
2026-08-10 21:45:00,21,45,0,1,-0.555570233019603,0.8314696123025447,0.0,1.0,60.79,7,4.922,4.657
2026-08-10 21:50:00,21,50,0,1,-0.537299608346825,0.8433914458128849,0.0,1.0,58.47,8,4.763,4.789
2026-08-10 21:55:00,21,55,0,1,-0.5187732581605214,0.8549118706729466,0.0,1.0,57.85,8,4.642,4.749
2026-08-10 22:00:00,22,0,0,1,-0.5000000000000004,0.8660254037844384,0.0,1.0,52.93,6,4.657,4.062
2026-08-10 22:05:00,22,5,0,1,-0.48098876891938774,0.8767267557075077,0.0,1.0,58.68,9,4.789,3.848
2026-08-10 22:10:00,22,10,0,1,-0.46174861323503363,0.8870108331782218,0.0,1.0,61.32,7,4.749,3.419
2026-08-10 22:15:00,22,15,0,1,-0.4422886902190014,0.8968727415326883,0.0,1.0,53.8,6,4.062,4.099
2026-08-10 22:20:00,22,20,0,1,-0.4226182617407,0.9063077870366497,0.0,1.0,50.98,5,3.848,4.155
2026-08-10 22:25:00,22,25,0,1,-0.40274668985873663,0.9153114791194474,0.0,1.0,47.27,6,3.419,4.601
2026-08-10 22:30:00,22,30,0,1,-0.38268343236508956,0.9238795325112868,0.0,1.0,54.34,8,4.099,4.037
2026-08-10 22:35:00,22,35,0,1,-0.36243803828370186,0.9320078692827984,0.0,1.0,50.51,7,4.155,4.391
2026-08-10 22:40:00,22,40,0,1,-0.3420201433256686,0.9396926207859084,0.0,1.0,55.67,7,4.601,4.683
2026-08-10 22:45:00,22,45,0,1,-0.32143946530316186,0.9469301294951056,0.0,1.0,52.45,6,4.037,4.413
2026-08-10 22:50:00,22,50,0,1,-0.30070579950427384,0.9537169507482267,0.0,1.0,57.22,6,4.391,5.436
2026-08-10 22:55:00,22,55,0,1,-0.2798290140309924,0.9600498543859286,0.0,1.0,60.68,8,4.683,4.088
2026-08-10 23:00:00,23,0,0,1,-0.25881904510252157,0.9659258262890681,0.0,1.0,52.79,6,4.413,5.214
2026-08-10 23:05:00,23,5,0,1,-0.23768589232617435,0.9713420698132611,0.0,1.0,64.43,8,5.436,3.463
2026-08-10 23:10:00,23,10,0,1,-0.21643961393810288,0.9762960071199334,0.0,1.0,52.55,9,4.088,4.928
2026-08-10 23:15:00,23,15,0,1,-0.19509032201612872,0.9807852804032303,0.0,1.0,57.63,7,5.214,4.304
2026-08-10 23:20:00,23,20,0,1,-0.1736481776669304,0.984807753012208,0.0,1.0,48.01,5,3.463,4.751
2026-08-10 23:25:00,23,25,0,1,-0.1521233861899172,0.9883615104677607,0.0,1.0,54.87,7,4.928,4.889
2026-08-10 23:30:00,23,30,0,1,-0.13052619222005168,0.9914448613738104,0.0,1.0,57.78,6,4.304,5.172
2026-08-10 23:35:00,23,35,0,1,-0.10886687485196514,0.9940563382223195,0.0,1.0,54.93,7,4.751,4.568
2026-08-10 23:40:00,23,40,0,1,-0.08715574274765743,0.9961946980917455,0.0,1.0,59.82,7,4.889,4.744
2026-08-10 23:45:00,23,45,0,1,-0.0654031292301428,0.9978589232386035,0.0,1.0,57.73,7,5.172,1.582
2026-08-10 23:50:00,23,50,0,1,-0.043619387365336194,0.9990482215818578,0.0,1.0,55.96,7,4.568,0.431
2026-08-10 23:55:00,23,55,0,1,-0.0218148850345609,0.9997620270799091,0.0,1.0,56.62,8,4.744,1.054
2026-08-11 00:00:00,0,0,1,1,0.0,1.0,0.7818314824680298,0.6234898018587336,14.03,3,1.582,0.875
2026-08-11 00:05:00,0,5,1,1,0.02181488503456112,0.9997620270799091,0.7818314824680298,0.6234898018587336,8.52,1,0.431,1.656
2026-08-11 00:10:00,0,10,1,1,0.043619387365336,0.9990482215818578,0.7818314824680298,0.6234898018587336,11.67,1,1.054,1.353
2026-08-11 00:15:00,0,15,1,1,0.06540312923014306,0.9978589232386035,0.7818314824680298,0.6234898018587336,10.76,2,0.875,1.051
2026-08-11 00:20:00,0,20,1,1,0.08715574274765817,0.9961946980917455,0.7818314824680298,0.6234898018587336,12.58,3,1.656,0.979
2026-08-11 00:25:00,0,25,1,1,0.10886687485196457,0.9940563382223196,0.7818314824680298,0.6234898018587336,11.0,3,1.353,0.836
2026-08-11 00:30:00,0,30,1,1,0.13052619222005157,0.9914448613738104,0.7818314824680298,0.6234898018587336,12.43,1,1.051,0.51
2026-08-11 00:35:00,0,35,1,1,0.15212338618991672,0.9883615104677607,0.7818314824680298,0.6234898018587336,10.7,1,0.979,0.76
2026-08-11 00:40:00,0,40,1,1,0.17364817766693033,0.984807753012208,0.7818314824680298,0.6234898018587336,14.29,1,0.836,1.281
2026-08-11 00:45:00,0,45,1,1,0.19509032201612825,0.9807852804032304,0.7818314824680298,0.6234898018587336,2.76,1,0.51,0.0
2026-08-11 00:50:00,0,50,1,1,0.21643961393810288,0.9762960071199334,0.7818314824680298,0.6234898018587336,11.47,1,0.76,1.304
2026-08-11 00:55:00,0,55,1,1,0.23768589232617307,0.9713420698132614,0.7818314824680298,0.6234898018587336,16.26,2,1.281,0.709
2026-08-11 01:00:00,1,0,1,1,0.25881904510252074,0.9659258262890683,0.7818314824680298,0.6234898018587336,4.21,0,0.0,0.978
2026-08-11 01:05:00,1,5,1,1,0.27982901403099203,0.9600498543859287,0.7818314824680298,0.6234898018587336,12.59,1,1.304,0.905
2026-08-11 01:10:00,1,10,1,1,0.3007057995042732,0.9537169507482269,0.7818314824680298,0.6234898018587336,10.98,2,0.709,0.858
2026-08-11 01:15:00,1,15,1,1,0.3214394653031616,0.9469301294951057,0.7818314824680298,0.6234898018587336,12.6,1,0.978,0.833
2026-08-11 01:20:00,1,20,1,1,0.3420201433256687,0.9396926207859084,0.7818314824680298,0.6234898018587336,5.09,1,0.905,1.047
2026-08-11 01:25:00,1,25,1,1,0.36243803828370164,0.9320078692827986,0.7818314824680298,0.6234898018587336,9.82,2,0.858,0.595
2026-08-11 01:30:00,1,30,1,1,0.3826834323650898,0.9238795325112867,0.7818314824680298,0.6234898018587336,4.99,2,0.833,1.076
2026-08-11 01:35:00,1,35,1,1,0.40274668985873724,0.9153114791194471,0.7818314824680298,0.6234898018587336,11.37,3,1.047,1.124
2026-08-11 01:40:00,1,40,1,1,0.4226182617406994,0.9063077870366499,0.7818314824680298,0.6234898018587336,6.22,0,0.595,0.559
2026-08-11 01:45:00,1,45,1,1,0.44228869021900125,0.8968727415326884,0.7818314824680298,0.6234898018587336,10.79,2,1.076,0.873
2026-08-11 01:50:00,1,50,1,1,0.46174861323503397,0.8870108331782217,0.7818314824680298,0.6234898018587336,7.29,1,1.124,0.704
2026-08-11 01:55:00,1,55,1,1,0.48098876891938763,0.8767267557075077,0.7818314824680298,0.6234898018587336,7.04,0,0.559,0.0
2026-08-11 02:00:00,2,0,1,1,0.49999999999999994,0.8660254037844387,0.7818314824680298,0.6234898018587336,13.36,1,0.873,0.799
2026-08-11 02:05:00,2,5,1,1,0.5187732581605214,0.8549118706729466,0.7818314824680298,0.6234898018587336,8.89,1,0.704,0.476
2026-08-11 02:10:00,2,10,1,1,0.5372996083468238,0.8433914458128857,0.7818314824680298,0.6234898018587336,8.19,0,0.0,1.562
2026-08-11 02:15:00,2,15,1,1,0.5555702330196022,0.8314696123025452,0.7818314824680298,0.6234898018587336,14.09,3,0.799,0.531
2026-08-11 02:20:00,2,20,1,1,0.5735764363510462,0.8191520442889918,0.7818314824680298,0.6234898018587336,6.13,0,0.476,0.395
2026-08-11 02:25:00,2,25,1,1,0.5913096483635824,0.8064446042674827,0.7818314824680298,0.6234898018587336,19.61,3,1.562,1.303
2026-08-11 02:30:00,2,30,1,1,0.6087614290087207,0.7933533402912352,0.7818314824680298,0.6234898018587336,6.49,0,0.531,1.525
2026-08-11 02:35:00,2,35,1,1,0.6259234721840591,0.7798844830928818,0.7818314824680298,0.6234898018587336,5.99,0,0.395,1.487
2026-08-11 02:40:00,2,40,1,1,0.6427876096865393,0.766044443118978,0.7818314824680298,0.6234898018587336,13.96,1,1.303,0.975
2026-08-11 02:45:00,2,45,1,1,0.6593458151000688,0.7518398074789774,0.7818314824680298,0.6234898018587336,15.6,2,1.525,1.122
2026-08-11 02:50:00,2,50,1,1,0.6755902076156602,0.7372773368101241,0.7818314824680298,0.6234898018587336,17.25,4,1.487,1.583
2026-08-11 02:55:00,2,55,1,1,0.6915130557822694,0.7223639620597556,0.7818314824680298,0.6234898018587336,14.2,1,0.975,0.311
2026-08-11 03:00:00,3,0,1,1,0.7071067811865476,0.7071067811865476,0.7818314824680298,0.6234898018587336,10.46,2,1.122,1.72
2026-08-11 03:05:00,3,5,1,1,0.7223639620597555,0.6915130557822694,0.7818314824680298,0.6234898018587336,11.61,3,1.583,0.608
2026-08-11 03:10:00,3,10,1,1,0.737277336810124,0.6755902076156602,0.7818314824680298,0.6234898018587336,5.87,1,0.311,1.116
2026-08-11 03:15:00,3,15,1,1,0.7518398074789774,0.6593458151000688,0.7818314824680298,0.6234898018587336,21.86,3,1.72,0.0
2026-08-11 03:20:00,3,20,1,1,0.766044443118978,0.6427876096865394,0.7818314824680298,0.6234898018587336,5.49,1,0.608,1.186
2026-08-11 03:25:00,3,25,1,1,0.7798844830928817,0.6259234721840591,0.7818314824680298,0.6234898018587336,14.36,2,1.116,1.301
2026-08-11 03:30:00,3,30,1,1,0.7933533402912352,0.6087614290087207,0.7818314824680298,0.6234898018587336,2.54,0,0.0,0.536
2026-08-11 03:35:00,3,35,1,1,0.8064446042674825,0.5913096483635825,0.7818314824680298,0.6234898018587336,10.9,1,1.186,1.687
2026-08-11 03:40:00,3,40,1,1,0.8191520442889917,0.5735764363510462,0.7818314824680298,0.6234898018587336,9.58,3,1.301,1.036
2026-08-11 03:45:00,3,45,1,1,0.8314696123025451,0.5555702330196024,0.7818314824680298,0.6234898018587336,12.61,1,0.536,0.816
2026-08-11 03:50:00,3,50,1,1,0.8433914458128856,0.5372996083468239,0.7818314824680298,0.6234898018587336,15.91,3,1.687,0.863
2026-08-11 03:55:00,3,55,1,1,0.8549118706729466,0.5187732581605216,0.7818314824680298,0.6234898018587336,11.98,1,1.036,0.156
2026-08-11 04:00:00,4,0,1,1,0.8660254037844386,0.5000000000000001,0.7818314824680298,0.6234898018587336,11.3,1,0.816,0.348
2026-08-11 04:05:00,4,5,1,1,0.8767267557075077,0.48098876891938774,0.7818314824680298,0.6234898018587336,12.17,1,0.863,0.734
2026-08-11 04:10:00,4,10,1,1,0.8870108331782217,0.46174861323503386,0.7818314824680298,0.6234898018587336,1.06,0,0.156,0.928
2026-08-11 04:15:00,4,15,1,1,0.8968727415326884,0.44228869021900125,0.7818314824680298,0.6234898018587336,8.55,1,0.348,0.206
2026-08-11 04:20:00,4,20,1,1,0.9063077870366498,0.4226182617406996,0.7818314824680298,0.6234898018587336,4.82,2,0.734,0.59
2026-08-11 04:25:00,4,25,1,1,0.9153114791194471,0.40274668985873724,0.7818314824680298,0.6234898018587336,9.81,1,0.928,1.438
2026-08-11 04:30:00,4,30,1,1,0.9238795325112867,0.38268343236508984,0.7818314824680298,0.6234898018587336,1.62,1,0.206,1.051
2026-08-11 04:35:00,4,35,1,1,0.9320078692827984,0.3624380382837017,0.7818314824680298,0.6234898018587336,12.6,1,0.59,0.817
2026-08-11 04:40:00,4,40,1,1,0.9396926207859084,0.3420201433256686,0.7818314824680298,0.6234898018587336,13.39,2,1.438,0.766
2026-08-11 04:45:00,4,45,1,1,0.9469301294951056,0.3214394653031617,0.7818314824680298,0.6234898018587336,11.53,1,1.051,0.448
2026-08-11 04:50:00,4,50,1,1,0.9537169507482268,0.3007057995042733,0.7818314824680298,0.6234898018587336,8.79,1,0.817,0.614
2026-08-11 04:55:00,4,55,1,1,0.9600498543859287,0.27982901403099203,0.7818314824680298,0.6234898018587336,9.71,1,0.766,1.197
2026-08-11 05:00:00,5,0,1,1,0.9659258262890683,0.25881904510252074,0.7818314824680298,0.6234898018587336,9.48,1,0.448,1.009
2026-08-11 05:05:00,5,5,1,1,0.9713420698132614,0.2376858923261731,0.7818314824680298,0.6234898018587336,7.64,0,0.614,0.693
2026-08-11 05:10:00,5,10,1,1,0.9762960071199334,0.2164396139381029,0.7818314824680298,0.6234898018587336,13.67,1,1.197,1.175
2026-08-11 05:15:00,5,15,1,1,0.9807852804032304,0.19509032201612833,0.7818314824680298,0.6234898018587336,1.6,2,1.009,1.227
2026-08-11 05:20:00,5,20,1,1,0.984807753012208,0.17364817766693041,0.7818314824680298,0.6234898018587336,6.25,3,0.693,1.2
2026-08-11 05:25:00,5,25,1,1,0.9883615104677607,0.1521233861899168,0.7818314824680298,0.6234898018587336,7.5,2,1.175,1.51
2026-08-11 05:30:00,5,30,1,1,0.9914448613738104,0.1305261922200517,0.7818314824680298,0.6234898018587336,13.48,3,1.227,0.941
2026-08-11 05:35:00,5,35,1,1,0.9940563382223196,0.10886687485196474,0.7818314824680298,0.6234898018587336,13.85,1,1.2,1.046
2026-08-11 05:40:00,5,40,1,1,0.9961946980917455,0.08715574274765814,0.7818314824680298,0.6234898018587336,14.42,2,1.51,1.087
2026-08-11 05:45:00,5,45,1,1,0.9978589232386035,0.06540312923014327,0.7818314824680298,0.6234898018587336,5.64,2,0.941,0.812
2026-08-11 05:50:00,5,50,1,1,0.9990482215818578,0.04361938736533601,0.7818314824680298,0.6234898018587336,14.02,2,1.046,1.134
2026-08-11 05:55:00,5,55,1,1,0.9997620270799091,0.021814885034560937,0.7818314824680298,0.6234898018587336,12.26,1,1.087,0.749
2026-08-11 06:00:00,6,0,1,1,1.0,6.123233995736766e-17,0.7818314824680298,0.6234898018587336,14.76,3,0.812,0.0
2026-08-11 06:05:00,6,5,1,1,0.9997620270799091,-0.02181488503456081,0.7818314824680298,0.6234898018587336,15.16,1,1.134,0.212
2026-08-11 06:10:00,6,10,1,1,0.9990482215818578,-0.04361938736533589,0.7818314824680298,0.6234898018587336,9.31,1,0.749,1.628
2026-08-11 06:15:00,6,15,1,1,0.9978589232386035,-0.06540312923014314,0.7818314824680298,0.6234898018587336,4.89,1,0.0,1.017
2026-08-11 06:20:00,6,20,1,1,0.9961946980917455,-0.08715574274765801,0.7818314824680298,0.6234898018587336,3.79,0,0.212,0.649
2026-08-11 06:25:00,6,25,1,1,0.9940563382223196,-0.10886687485196461,0.7818314824680298,0.6234898018587336,16.57,3,1.628,0.0
2026-08-11 06:30:00,6,30,1,1,0.9914448613738104,-0.1305261922200516,0.7818314824680298,0.6234898018587336,13.93,1,1.017,1.763
2026-08-11 06:35:00,6,35,1,1,0.9883615104677607,-0.1521233861899167,0.7818314824680298,0.6234898018587336,8.18,0,0.649,1.127
2026-08-11 06:40:00,6,40,1,1,0.984807753012208,-0.1736481776669303,0.7818314824680298,0.6234898018587336,4.44,0,0.0,0.905
2026-08-11 06:45:00,6,45,1,1,0.9807852804032304,-0.1950903220161282,0.7818314824680298,0.6234898018587336,19.31,4,1.763,0.229
2026-08-11 06:50:00,6,50,1,1,0.9762960071199334,-0.2164396139381028,0.7818314824680298,0.6234898018587336,13.04,1,1.127,0.925
2026-08-11 06:55:00,6,55,1,1,0.9713420698132614,-0.23768589232617318,0.7818314824680298,0.6234898018587336,9.24,1,0.905,0.623
2026-08-11 07:00:00,7,0,1,1,0.9659258262890683,-0.25881904510252063,0.7818314824680298,0.6234898018587336,3.23,0,0.229,0.418
2026-08-11 07:05:00,7,5,1,1,0.9600498543859287,-0.2798290140309919,0.7818314824680298,0.6234898018587336,13.88,1,0.925,0.655
2026-08-11 07:10:00,7,10,1,1,0.9537169507482269,-0.30070579950427295,0.7818314824680298,0.6234898018587336,13.67,1,0.623,0.703
2026-08-11 07:15:00,7,15,1,1,0.9469301294951057,-0.3214394653031616,0.7818314824680298,0.6234898018587336,6.07,0,0.418,1.225
2026-08-11 07:20:00,7,20,1,1,0.9396926207859084,-0.3420201433256685,0.7818314824680298,0.6234898018587336,6.12,0,0.655,0.711
2026-08-11 07:25:00,7,25,1,1,0.9320078692827986,-0.3624380382837016,0.7818314824680298,0.6234898018587336,7.59,1,0.703,0.828
2026-08-11 07:30:00,7,30,1,1,0.9238795325112868,-0.3826834323650895,0.7818314824680298,0.6234898018587336,15.59,1,1.225,0.571
2026-08-11 07:35:00,7,35,1,1,0.9153114791194472,-0.40274668985873713,0.7818314824680298,0.6234898018587336,10.5,2,0.711,0.194
2026-08-11 07:40:00,7,40,1,1,0.90630778703665,-0.42261826174069933,0.7818314824680298,0.6234898018587336,10.2,1,0.828,1.08
2026-08-11 07:45:00,7,45,1,1,0.8968727415326884,-0.44228869021900113,0.7818314824680298,0.6234898018587336,12.0,0,0.571,1.176
2026-08-11 07:50:00,7,50,1,1,0.8870108331782218,-0.4617486132350338,0.7818314824680298,0.6234898018587336,5.02,1,0.194,0.747
2026-08-11 07:55:00,7,55,1,1,0.8767267557075076,-0.48098876891938785,0.7818314824680298,0.6234898018587336,8.82,2,1.08,1.679
2026-08-11 08:00:00,8,0,1,1,0.8660254037844387,-0.4999999999999998,0.7818314824680298,0.6234898018587336,6.66,1,1.176,0.211
2026-08-11 08:05:00,8,5,1,1,0.8549118706729465,-0.5187732581605216,0.7818314824680298,0.6234898018587336,12.1,2,0.747,0.9
2026-08-11 08:10:00,8,10,1,1,0.8433914458128858,-0.5372996083468236,0.7818314824680298,0.6234898018587336,14.9,2,1.679,1.035
2026-08-11 08:15:00,8,15,1,1,0.8314696123025451,-0.5555702330196023,0.7818314824680298,0.6234898018587336,7.77,0,0.211,7.044
2026-08-11 08:20:00,8,20,1,1,0.8191520442889917,-0.5735764363510462,0.7818314824680298,0.6234898018587336,11.26,1,0.9,6.441
2026-08-11 08:25:00,8,25,1,1,0.8064446042674828,-0.5913096483635821,0.7818314824680298,0.6234898018587336,6.79,1,1.035,6.426
2026-08-11 08:30:00,8,30,1,1,0.7933533402912352,-0.6087614290087207,0.7818314824680298,0.6234898018587336,83.91,11,7.044,6.145
2026-08-11 08:35:00,8,35,1,1,0.7798844830928817,-0.6259234721840591,0.7818314824680298,0.6234898018587336,82.52,9,6.441,6.59
2026-08-11 08:40:00,8,40,1,1,0.7660444431189783,-0.642787609686539,0.7818314824680298,0.6234898018587336,81.09,9,6.426,6.919
2026-08-11 08:45:00,8,45,1,1,0.7518398074789774,-0.6593458151000688,0.7818314824680298,0.6234898018587336,79.48,9,6.145,7.356
2026-08-11 08:50:00,8,50,1,1,0.7372773368101241,-0.6755902076156602,0.7818314824680298,0.6234898018587336,85.27,9,6.59,6.343
2026-08-11 08:55:00,8,55,1,1,0.7223639620597556,-0.6915130557822693,0.7818314824680298,0.6234898018587336,83.85,10,6.919,7.832
2026-08-11 09:00:00,9,0,1,1,0.7071067811865476,-0.7071067811865475,0.7818314824680298,0.6234898018587336,88.82,11,7.356,7.075
2026-08-11 09:05:00,9,5,1,1,0.6915130557822694,-0.7223639620597555,0.7818314824680298,0.6234898018587336,83.91,11,6.343,7.191
2026-08-11 09:10:00,9,10,1,1,0.6755902076156604,-0.737277336810124,0.7818314824680298,0.6234898018587336,96.33,11,7.832,7.076
2026-08-11 09:15:00,9,15,1,1,0.659345815100069,-0.7518398074789773,0.7818314824680298,0.6234898018587336,90.99,11,7.075,7.971
2026-08-11 09:20:00,9,20,1,1,0.6427876096865391,-0.7660444431189782,0.7818314824680298,0.6234898018587336,87.53,10,7.191,7.043
2026-08-11 09:25:00,9,25,1,1,0.6259234721840592,-0.7798844830928817,0.7818314824680298,0.6234898018587336,91.84,11,7.076,7.92
2026-08-11 09:30:00,9,30,1,1,0.6087614290087209,-0.793353340291235,0.7818314824680298,0.6234898018587336,97.36,12,7.971,7.499
2026-08-11 09:35:00,9,35,1,1,0.5913096483635822,-0.8064446042674827,0.7818314824680298,0.6234898018587336,89.23,12,7.043,6.931
2026-08-11 09:40:00,9,40,1,1,0.5735764363510464,-0.8191520442889916,0.7818314824680298,0.6234898018587336,94.4,12,7.92,7.836
2026-08-11 09:45:00,9,45,1,1,0.5555702330196025,-0.831469612302545,0.7818314824680298,0.6234898018587336,92.38,13,7.499,6.601
2026-08-11 09:50:00,9,50,1,1,0.5372996083468238,-0.8433914458128857,0.7818314824680298,0.6234898018587336,91.63,10,6.931,7.872
2026-08-11 09:55:00,9,55,1,1,0.5187732581605218,-0.8549118706729464,0.7818314824680298,0.6234898018587336,95.29,11,7.836,7.578
2026-08-11 10:00:00,10,0,1,1,0.49999999999999994,-0.8660254037844387,0.7818314824680298,0.6234898018587336,90.59,9,6.601,7.921
2026-08-11 10:05:00,10,5,1,1,0.48098876891938763,-0.8767267557075077,0.7818314824680298,0.6234898018587336,98.29,11,7.872,7.245
2026-08-11 10:10:00,10,10,1,1,0.4617486132350339,-0.8870108331782217,0.7818314824680298,0.6234898018587336,95.1,11,7.578,7.55
2026-08-11 10:15:00,10,15,1,1,0.4422886902190017,-0.8968727415326881,0.7818314824680298,0.6234898018587336,96.76,11,7.921,7.677
2026-08-11 10:20:00,10,20,1,1,0.4226182617406995,-0.9063077870366499,0.7818314824680298,0.6234898018587336,93.4,10,7.245,7.334
2026-08-11 10:25:00,10,25,1,1,0.4027466898587373,-0.9153114791194471,0.7818314824680298,0.6234898018587336,89.45,13,7.55,6.887
2026-08-11 10:30:00,10,30,1,1,0.3826834323650899,-0.9238795325112867,0.7818314824680298,0.6234898018587336,92.89,11,7.677,7.427
2026-08-11 10:35:00,10,35,1,1,0.36243803828370136,-0.9320078692827987,0.7818314824680298,0.6234898018587336,89.69,11,7.334,6.599
2026-08-11 10:40:00,10,40,1,1,0.3420201433256689,-0.9396926207859083,0.7818314824680298,0.6234898018587336,87.23,10,6.887,6.941
2026-08-11 10:45:00,10,45,1,1,0.32143946530316175,-0.9469301294951056,0.7818314824680298,0.6234898018587336,92.64,11,7.427,7.855
2026-08-11 10:50:00,10,50,1,1,0.30070579950427334,-0.9537169507482268,0.7818314824680298,0.6234898018587336,89.9,9,6.599,6.668
2026-08-11 10:55:00,10,55,1,1,0.2798290140309927,-0.9600498543859285,0.7818314824680298,0.6234898018587336,89.74,10,6.941,6.507
2026-08-11 11:00:00,11,0,1,1,0.258819045102521,-0.9659258262890682,0.7818314824680298,0.6234898018587336,93.62,11,7.855,6.424
2026-08-11 11:05:00,11,5,1,1,0.23768589232617293,-0.9713420698132614,0.7818314824680298,0.6234898018587336,83.58,11,6.668,6.661
2026-08-11 11:10:00,11,10,1,1,0.21643961393810318,-0.9762960071199333,0.7818314824680298,0.6234898018587336,82.88,9,6.507,6.363
2026-08-11 11:15:00,11,15,1,1,0.19509032201612816,-0.9807852804032304,0.7818314824680298,0.6234898018587336,81.43,10,6.424,6.003
2026-08-11 11:20:00,11,20,1,1,0.17364817766693028,-0.984807753012208,0.7818314824680298,0.6234898018587336,83.25,10,6.661,0.286
2026-08-11 11:25:00,11,25,1,1,0.15212338618991708,-0.9883615104677607,0.7818314824680298,0.6234898018587336,85.11,9,6.363,1.201
2026-08-11 11:30:00,11,30,1,1,0.130526192220052,-0.9914448613738104,0.7818314824680298,0.6234898018587336,75.82,10,6.003,0.0
2026-08-11 11:35:00,11,35,1,1,0.10886687485196457,-0.9940563382223196,0.7818314824680298,0.6234898018587336,7.97,0,0.286,0.837
2026-08-11 11:40:00,11,40,1,1,0.0871557427476582,-0.9961946980917455,0.7818314824680298,0.6234898018587336,12.17,2,1.201,0.382
2026-08-11 11:45:00,11,45,1,1,0.06540312923014312,-0.9978589232386035,0.7818314824680298,0.6234898018587336,7.69,0,0.0,3.273
2026-08-11 11:50:00,11,50,1,1,0.043619387365335625,-0.9990482215818578,0.7818314824680298,0.6234898018587336,13.45,1,0.837,3.935
2026-08-11 11:55:00,11,55,1,1,0.021814885034561218,-0.9997620270799091,0.7818314824680298,0.6234898018587336,4.08,0,0.382,3.206
2026-08-11 12:00:00,12,0,1,1,1.2246467991473532e-16,-1.0,0.7818314824680298,0.6234898018587336,41.02,4,3.273,4.058
2026-08-11 12:05:00,12,5,1,1,-0.021814885034560975,-0.9997620270799091,0.7818314824680298,0.6234898018587336,49.79,5,3.935,2.637
2026-08-11 12:10:00,12,10,1,1,-0.04361938736533538,-0.9990482215818578,0.7818314824680298,0.6234898018587336,40.23,4,3.206,3.629
2026-08-11 12:15:00,12,15,1,1,-0.06540312923014287,-0.9978589232386035,0.7818314824680298,0.6234898018587336,44.31,6,4.058,3.671
2026-08-11 12:20:00,12,20,1,1,-0.08715574274765794,-0.9961946980917455,0.7818314824680298,0.6234898018587336,41.5,6,2.637,3.848
2026-08-11 12:25:00,12,25,1,1,-0.10886687485196432,-0.9940563382223196,0.7818314824680298,0.6234898018587336,49.57,5,3.629,3.928
2026-08-11 12:30:00,12,30,1,1,-0.13052619222005177,-0.9914448613738104,0.7818314824680298,0.6234898018587336,47.71,5,3.671,3.238
2026-08-11 12:35:00,12,35,1,1,-0.15212338618991683,-0.9883615104677607,0.7818314824680298,0.6234898018587336,44.65,6,3.848,3.554
2026-08-11 12:40:00,12,40,1,1,-0.17364817766693003,-0.9848077530122081,0.7818314824680298,0.6234898018587336,46.11,6,3.928,3.539
2026-08-11 12:45:00,12,45,1,1,-0.19509032201612792,-0.9807852804032305,0.7818314824680298,0.6234898018587336,40.23,5,3.238,3.733
2026-08-11 12:50:00,12,50,1,1,-0.21643961393810293,-0.9762960071199334,0.7818314824680298,0.6234898018587336,44.08,5,3.554,5.429
2026-08-11 12:55:00,12,55,1,1,-0.2376858923261727,-0.9713420698132615,0.7818314824680298,0.6234898018587336,43.54,5,3.539,5.879
2026-08-11 13:00:00,13,0,1,1,-0.2588190451025208,-0.9659258262890683,0.7818314824680298,0.6234898018587336,41.79,5,3.733,5.913
2026-08-11 13:05:00,13,5,1,1,-0.2798290140309925,-0.9600498543859286,0.7818314824680298,0.6234898018587336,70.33,9,5.429,5.188
2026-08-11 13:10:00,13,10,1,1,-0.30070579950427306,-0.9537169507482269,0.7818314824680298,0.6234898018587336,70.79,8,5.879,6.202
2026-08-11 13:15:00,13,15,1,1,-0.32143946530316153,-0.9469301294951057,0.7818314824680298,0.6234898018587336,68.99,8,5.913,6.453
2026-08-11 13:20:00,13,20,1,1,-0.34202014332566866,-0.9396926207859084,0.7818314824680298,0.6234898018587336,65.79,8,5.188,5.118
2026-08-11 13:25:00,13,25,1,1,-0.36243803828370114,-0.9320078692827987,0.7818314824680298,0.6234898018587336,69.41,9,6.202,4.601
2026-08-11 13:30:00,13,30,1,1,-0.38268343236508967,-0.9238795325112868,0.7818314824680298,0.6234898018587336,73.91,11,6.453,5.793
2026-08-11 13:35:00,13,35,1,1,-0.4027466898587371,-0.9153114791194472,0.7818314824680298,0.6234898018587336,67.12,8,5.118,5.446
2026-08-11 13:40:00,13,40,1,1,-0.4226182617406993,-0.90630778703665,0.7818314824680298,0.6234898018587336,64.89,6,4.601,5.736
2026-08-11 13:45:00,13,45,1,1,-0.44228869021900147,-0.8968727415326883,0.7818314824680298,0.6234898018587336,71.86,8,5.793,6.073
2026-08-11 13:50:00,13,50,1,1,-0.46174861323503413,-0.8870108331782216,0.7818314824680298,0.6234898018587336,69.11,9,5.446,5.522
2026-08-11 13:55:00,13,55,1,1,-0.4809887689193874,-0.8767267557075078,0.7818314824680298,0.6234898018587336,73.89,11,5.736,5.668
2026-08-11 14:00:00,14,0,1,1,-0.4999999999999997,-0.8660254037844388,0.7818314824680298,0.6234898018587336,69.88,11,6.073,6.168
2026-08-11 14:05:00,14,5,1,1,-0.5187732581605216,-0.8549118706729465,0.7818314824680298,0.6234898018587336,67.14,8,5.522,6.652
2026-08-11 14:10:00,14,10,1,1,-0.5372996083468236,-0.8433914458128858,0.7818314824680298,0.6234898018587336,73.29,9,5.668,6.588
2026-08-11 14:15:00,14,15,1,1,-0.555570233019602,-0.8314696123025455,0.7818314824680298,0.6234898018587336,77.02,10,6.168,5.791
2026-08-11 14:20:00,14,20,1,1,-0.5735764363510458,-0.819152044288992,0.7818314824680298,0.6234898018587336,73.39,9,6.652,5.549
2026-08-11 14:25:00,14,25,1,1,-0.5913096483635824,-0.8064446042674825,0.7818314824680298,0.6234898018587336,80.02,10,6.588,6.546
2026-08-11 14:30:00,14,30,1,1,-0.6087614290087207,-0.7933533402912352,0.7818314824680298,0.6234898018587336,70.6,8,5.791,6.113
2026-08-11 14:35:00,14,35,1,1,-0.6259234721840591,-0.7798844830928818,0.7818314824680298,0.6234898018587336,72.55,9,5.549,5.135
2026-08-11 14:40:00,14,40,1,1,-0.6427876096865389,-0.7660444431189783,0.7818314824680298,0.6234898018587336,80.34,10,6.546,6.066
2026-08-11 14:45:00,14,45,1,1,-0.6593458151000688,-0.7518398074789774,0.7818314824680298,0.6234898018587336,78.7,9,6.113,6.394
2026-08-11 14:50:00,14,50,1,1,-0.6755902076156601,-0.7372773368101241,0.7818314824680298,0.6234898018587336,68.34,7,5.135,4.991
2026-08-11 14:55:00,14,55,1,1,-0.691513055782269,-0.722363962059756,0.7818314824680298,0.6234898018587336,77.23,10,6.066,5.873
2026-08-11 15:00:00,15,0,1,1,-0.7071067811865471,-0.7071067811865479,0.7818314824680298,0.6234898018587336,81.42,10,6.394,6.581
2026-08-11 15:05:00,15,5,1,1,-0.7223639620597557,-0.6915130557822692,0.7818314824680298,0.6234898018587336,68.99,8,4.991,7.091
2026-08-11 15:10:00,15,10,1,1,-0.7372773368101239,-0.6755902076156604,0.7818314824680298,0.6234898018587336,68.68,9,5.873,6.808
2026-08-11 15:15:00,15,15,1,1,-0.7518398074789773,-0.6593458151000691,0.7818314824680298,0.6234898018587336,72.67,10,6.581,6.391
2026-08-11 15:20:00,15,20,1,1,-0.7660444431189779,-0.6427876096865395,0.7818314824680298,0.6234898018587336,81.11,10,7.091,5.808
2026-08-11 15:25:00,15,25,1,1,-0.7798844830928814,-0.6259234721840596,0.7818314824680298,0.6234898018587336,81.51,11,6.808,6.467
2026-08-11 15:30:00,15,30,1,1,-0.7933533402912349,-0.6087614290087209,0.7818314824680298,0.6234898018587336,74.97,9,6.391,5.586
2026-08-11 15:35:00,15,35,1,1,-0.8064446042674827,-0.5913096483635822,0.7818314824680298,0.6234898018587336,74.31,9,5.808,5.92
2026-08-11 15:40:00,15,40,1,1,-0.8191520442889916,-0.5735764363510464,0.7818314824680298,0.6234898018587336,75.3,9,6.467,6.207
2026-08-11 15:45:00,15,45,1,1,-0.8314696123025452,-0.5555702330196022,0.7818314824680298,0.6234898018587336,73.15,8,5.586,6.526
2026-08-11 15:50:00,15,50,1,1,-0.8433914458128859,-0.5372996083468234,0.7818314824680298,0.6234898018587336,74.45,8,5.92,6.223
2026-08-11 15:55:00,15,55,1,1,-0.8549118706729466,-0.5187732581605214,0.7818314824680298,0.6234898018587336,75.42,9,6.207,6.997
2026-08-11 16:00:00,16,0,1,1,-0.8660254037844385,-0.5000000000000004,0.7818314824680298,0.6234898018587336,79.39,9,6.526,5.109
2026-08-11 16:05:00,16,5,1,1,-0.8767267557075072,-0.48098876891938847,0.7818314824680298,0.6234898018587336,78.93,9,6.223,5.407
2026-08-11 16:10:00,16,10,1,1,-0.8870108331782218,-0.4617486132350336,0.7818314824680298,0.6234898018587336,81.67,10,6.997,6.143
2026-08-11 16:15:00,16,15,1,1,-0.8968727415326883,-0.44228869021900136,0.7818314824680298,0.6234898018587336,68.27,7,5.109,6.203
2026-08-11 16:20:00,16,20,1,1,-0.9063077870366497,-0.42261826174069994,0.7818314824680298,0.6234898018587336,74.22,8,5.407,6.345
2026-08-11 16:25:00,16,25,1,1,-0.9153114791194471,-0.40274668985873735,0.7818314824680298,0.6234898018587336,77.52,10,6.143,6.316
2026-08-11 16:30:00,16,30,1,1,-0.9238795325112868,-0.3826834323650895,0.7818314824680298,0.6234898018587336,72.32,9,6.203,5.537
2026-08-11 16:35:00,16,35,1,1,-0.9320078692827984,-0.3624380382837018,0.7818314824680298,0.6234898018587336,72.66,9,6.345,5.642
2026-08-11 16:40:00,16,40,1,1,-0.9396926207859084,-0.34202014332566855,0.7818314824680298,0.6234898018587336,76.03,9,6.316,5.751
2026-08-11 16:45:00,16,45,1,1,-0.9469301294951056,-0.3214394653031618,0.7818314824680298,0.6234898018587336,68.08,9,5.537,5.722
2026-08-11 16:50:00,16,50,1,1,-0.9537169507482267,-0.3007057995042738,0.7818314824680298,0.6234898018587336,71.29,8,5.642,5.463
2026-08-11 16:55:00,16,55,1,1,-0.9600498543859286,-0.27982901403099236,0.7818314824680298,0.6234898018587336,72.71,8,5.751,5.089
2026-08-11 17:00:00,17,0,1,1,-0.9659258262890683,-0.25881904510252063,0.7818314824680298,0.6234898018587336,74.53,8,5.722,5.668
2026-08-11 17:05:00,17,5,1,1,-0.9713420698132613,-0.23768589232617343,0.7818314824680298,0.6234898018587336,68.34,8,5.463,4.867
2026-08-11 17:10:00,17,10,1,1,-0.9762960071199334,-0.21643961393810282,0.7818314824680298,0.6234898018587336,60.3,7,5.089,5.301
2026-08-11 17:15:00,17,15,1,1,-0.9807852804032303,-0.19509032201612866,0.7818314824680298,0.6234898018587336,70.53,8,5.668,5.586
2026-08-11 17:20:00,17,20,1,1,-0.9848077530122079,-0.1736481776669312,0.7818314824680298,0.6234898018587336,62.82,9,4.867,4.929
2026-08-11 17:25:00,17,25,1,1,-0.9883615104677608,-0.15212338618991628,0.7818314824680298,0.6234898018587336,64.14,7,5.301,5.06
2026-08-11 17:30:00,17,30,1,1,-0.9914448613738104,-0.13052619222005163,0.7818314824680298,0.6234898018587336,69.96,9,5.586,5.99
2026-08-11 17:35:00,17,35,1,1,-0.9940563382223195,-0.10886687485196507,0.7818314824680298,0.6234898018587336,64.65,8,4.929,4.064
2026-08-11 17:40:00,17,40,1,1,-0.9961946980917455,-0.08715574274765825,0.7818314824680298,0.6234898018587336,63.02,9,5.06,5.701
2026-08-11 17:45:00,17,45,1,1,-0.9978589232386035,-0.06540312923014273,0.7818314824680298,0.6234898018587336,68.08,8,5.99,6.015
2026-08-11 17:50:00,17,50,1,1,-0.9990482215818578,-0.04361938736533613,0.7818314824680298,0.6234898018587336,61.76,6,4.064,1.264
2026-08-11 17:55:00,17,55,1,1,-0.9997620270799091,-0.021814885034560836,0.7818314824680298,0.6234898018587336,63.73,8,5.701,0.354
2026-08-11 18:00:00,18,0,1,1,-1.0,-1.8369701987210297e-16,0.7818314824680298,0.6234898018587336,67.48,9,6.015,0.941
2026-08-11 18:05:00,18,5,1,1,-0.9997620270799091,0.021814885034560468,0.7818314824680298,0.6234898018587336,15.59,1,1.264,0.828
2026-08-11 18:10:00,18,10,1,1,-0.9990482215818578,0.043619387365335764,0.7818314824680298,0.6234898018587336,7.42,0,0.354,0.892
2026-08-11 18:15:00,18,15,1,1,-0.9978589232386036,0.06540312923014237,0.7818314824680298,0.6234898018587336,14.65,1,0.941,0.56
2026-08-11 18:20:00,18,20,1,1,-0.9961946980917455,0.08715574274765789,0.7818314824680298,0.6234898018587336,11.29,3,0.828,0.487
2026-08-11 18:25:00,18,25,1,1,-0.9940563382223196,0.10886687485196471,0.7818314824680298,0.6234898018587336,11.27,2,0.892,1.049
2026-08-11 18:30:00,18,30,1,1,-0.9914448613738105,0.13052619222005127,0.7818314824680298,0.6234898018587336,9.76,1,0.56,0.274
2026-08-11 18:35:00,18,35,1,1,-0.9883615104677609,0.15212338618991592,0.7818314824680298,0.6234898018587336,6.11,1,0.487,1.341
2026-08-11 18:40:00,18,40,1,1,-0.984807753012208,0.17364817766693083,0.7818314824680298,0.6234898018587336,15.24,2,1.049,1.078
2026-08-11 18:45:00,18,45,1,1,-0.9807852804032304,0.1950903220161283,0.7818314824680298,0.6234898018587336,2.68,1,0.274,1.311
2026-08-11 18:50:00,18,50,1,1,-0.9762960071199335,0.21643961393810246,0.7818314824680298,0.6234898018587336,14.75,2,1.341,0.572
2026-08-11 18:55:00,18,55,1,1,-0.9713420698132614,0.23768589232617307,0.7818314824680298,0.6234898018587336,10.27,1,1.078,1.124
2026-08-11 19:00:00,19,0,1,1,-0.9659258262890684,0.2588190451025203,0.7818314824680298,0.6234898018587336,13.93,1,1.311,1.14
2026-08-11 19:05:00,19,5,1,1,-0.9600498543859287,0.279829014030992,0.7818314824680298,0.6234898018587336,8.66,0,0.572,0.934
2026-08-11 19:10:00,19,10,1,1,-0.9537169507482268,0.30070579950427345,0.7818314824680298,0.6234898018587336,11.19,1,1.124,0.91
2026-08-11 19:15:00,19,15,1,1,-0.9469301294951057,0.3214394653031615,0.7818314824680298,0.6234898018587336,18.25,1,1.14,0.343
2026-08-11 19:20:00,19,20,1,1,-0.9396926207859085,0.34202014332566816,0.7818314824680298,0.6234898018587336,10.77,1,0.934,1.957
2026-08-11 19:25:00,19,25,1,1,-0.9320078692827986,0.36243803828370147,0.7818314824680298,0.6234898018587336,9.68,3,0.91,0.721
2026-08-11 19:30:00,19,30,1,1,-0.923879532511287,0.38268343236508917,0.7818314824680298,0.6234898018587336,5.24,0,0.343,0.82
2026-08-11 19:35:00,19,35,1,1,-0.9153114791194472,0.402746689858737,0.7818314824680298,0.6234898018587336,14.75,4,1.957,1.139
2026-08-11 19:40:00,19,40,1,1,-0.9063077870366498,0.4226182617406996,0.7818314824680298,0.6234898018587336,6.78,3,0.721,1.208
2026-08-11 19:45:00,19,45,1,1,-0.8968727415326884,0.442288690219001,0.7818314824680298,0.6234898018587336,5.97,1,0.82,4.323
2026-08-11 19:50:00,19,50,1,1,-0.887010833178222,0.46174861323503325,0.7818314824680298,0.6234898018587336,9.34,1,1.139,4.096
2026-08-11 19:55:00,19,55,1,1,-0.8767267557075075,0.48098876891938813,0.7818314824680298,0.6234898018587336,15.19,1,1.208,4.82
2026-08-11 20:00:00,20,0,1,1,-0.8660254037844386,0.5000000000000001,0.7818314824680298,0.6234898018587336,57.18,7,4.323,4.59
2026-08-11 20:05:00,20,5,1,1,-0.8549118706729468,0.5187732581605211,0.7818314824680298,0.6234898018587336,52.74,6,4.096,4.453
2026-08-11 20:10:00,20,10,1,1,-0.8433914458128857,0.5372996083468239,0.7818314824680298,0.6234898018587336,61.46,8,4.82,4.379
2026-08-11 20:15:00,20,15,1,1,-0.8314696123025455,0.5555702330196018,0.7818314824680298,0.6234898018587336,58.99,6,4.59,4.413
2026-08-11 20:20:00,20,20,1,1,-0.8191520442889918,0.573576436351046,0.7818314824680298,0.6234898018587336,55.15,6,4.453,4.47
2026-08-11 20:25:00,20,25,1,1,-0.8064446042674829,0.591309648363582,0.7818314824680298,0.6234898018587336,50.28,7,4.379,3.818
2026-08-11 20:30:00,20,30,1,1,-0.7933533402912357,0.6087614290087199,0.7818314824680298,0.6234898018587336,56.13,6,4.413,4.618
2026-08-11 20:35:00,20,35,1,1,-0.7798844830928816,0.6259234721840593,0.7818314824680298,0.6234898018587336,52.96,7,4.47,4.262
2026-08-11 20:40:00,20,40,1,1,-0.7660444431189781,0.6427876096865393,0.7818314824680298,0.6234898018587336,47.26,5,3.818,4.065
2026-08-11 20:45:00,20,45,1,1,-0.7518398074789772,0.6593458151000691,0.7818314824680298,0.6234898018587336,57.06,8,4.618,4.775
2026-08-11 20:50:00,20,50,1,1,-0.7372773368101242,0.6755902076156601,0.7818314824680298,0.6234898018587336,50.15,8,4.262,4.202
2026-08-11 20:55:00,20,55,1,1,-0.7223639620597554,0.6915130557822695,0.7818314824680298,0.6234898018587336,54.47,6,4.065,4.486
2026-08-11 21:00:00,21,0,1,1,-0.7071067811865477,0.7071067811865474,0.7818314824680298,0.6234898018587336,55.56,7,4.775,4.426
2026-08-11 21:05:00,21,5,1,1,-0.6915130557822698,0.7223639620597551,0.7818314824680298,0.6234898018587336,52.86,8,4.202,5.069
2026-08-11 21:10:00,21,10,1,1,-0.6755902076156598,0.7372773368101244,0.7818314824680298,0.6234898018587336,53.26,8,4.486,3.708
2026-08-11 21:15:00,21,15,1,1,-0.6593458151000687,0.7518398074789775,0.7818314824680298,0.6234898018587336,51.26,7,4.426,3.742
2026-08-11 21:20:00,21,20,1,1,-0.6427876096865396,0.7660444431189778,0.7818314824680298,0.6234898018587336,56.47,7,5.069,5.217
2026-08-11 21:25:00,21,25,1,1,-0.625923472184059,0.7798844830928818,0.7818314824680298,0.6234898018587336,47.46,5,3.708,4.316
2026-08-11 21:30:00,21,30,1,1,-0.608761429008721,0.7933533402912349,0.7818314824680298,0.6234898018587336,50.79,6,3.742,4.771
2026-08-11 21:35:00,21,35,1,1,-0.591309648363583,0.8064446042674821,0.7818314824680298,0.6234898018587336,58.8,8,5.217,4.86
2026-08-11 21:40:00,21,40,1,1,-0.5735764363510465,0.8191520442889916,0.7818314824680298,0.6234898018587336,54.58,7,4.316,4.862
2026-08-11 21:45:00,21,45,1,1,-0.555570233019603,0.8314696123025447,0.7818314824680298,0.6234898018587336,55.28,7,4.771,3.738
2026-08-11 21:50:00,21,50,1,1,-0.537299608346825,0.8433914458128849,0.7818314824680298,0.6234898018587336,56.39,7,4.86,4.766
2026-08-11 21:55:00,21,55,1,1,-0.5187732581605214,0.8549118706729466,0.7818314824680298,0.6234898018587336,58.9,8,4.862,4.642
2026-08-11 22:00:00,22,0,1,1,-0.5000000000000004,0.8660254037844384,0.7818314824680298,0.6234898018587336,44.19,5,3.738,5.147
2026-08-11 22:05:00,22,5,1,1,-0.48098876891938774,0.8767267557075077,0.7818314824680298,0.6234898018587336,60.9,7,4.766,4.1
2026-08-11 22:10:00,22,10,1,1,-0.46174861323503363,0.8870108331782218,0.7818314824680298,0.6234898018587336,54.45,7,4.642,5.042
2026-08-11 22:15:00,22,15,1,1,-0.4422886902190014,0.8968727415326883,0.7818314824680298,0.6234898018587336,61.56,7,5.147,4.922
2026-08-11 22:20:00,22,20,1,1,-0.4226182617407,0.9063077870366497,0.7818314824680298,0.6234898018587336,51.14,6,4.1,3.766
2026-08-11 22:25:00,22,25,1,1,-0.40274668985873663,0.9153114791194474,0.7818314824680298,0.6234898018587336,63.68,8,5.042,3.709
2026-08-11 22:30:00,22,30,1,1,-0.38268343236508956,0.9238795325112868,0.7818314824680298,0.6234898018587336,55.17,8,4.922,4.147
2026-08-11 22:35:00,22,35,1,1,-0.36243803828370186,0.9320078692827984,0.7818314824680298,0.6234898018587336,52.03,5,3.766,4.336
2026-08-11 22:40:00,22,40,1,1,-0.3420201433256686,0.9396926207859084,0.7818314824680298,0.6234898018587336,54.12,5,3.709,4.075
2026-08-11 22:45:00,22,45,1,1,-0.32143946530316186,0.9469301294951056,0.7818314824680298,0.6234898018587336,48.98,6,4.147,3.834
2026-08-11 22:50:00,22,50,1,1,-0.30070579950427384,0.9537169507482267,0.7818314824680298,0.6234898018587336,54.18,6,4.336,4.243
2026-08-11 22:55:00,22,55,1,1,-0.2798290140309924,0.9600498543859286,0.7818314824680298,0.6234898018587336,53.76,7,4.075,3.784
2026-08-11 23:00:00,23,0,1,1,-0.25881904510252157,0.9659258262890681,0.7818314824680298,0.6234898018587336,47.5,6,3.834,4.076
2026-08-11 23:05:00,23,5,1,1,-0.23768589232617435,0.9713420698132611,0.7818314824680298,0.6234898018587336,55.85,6,4.243,3.348
2026-08-11 23:10:00,23,10,1,1,-0.21643961393810288,0.9762960071199334,0.7818314824680298,0.6234898018587336,55.41,6,3.784,4.532
2026-08-11 23:15:00,23,15,1,1,-0.19509032201612872,0.9807852804032303,0.7818314824680298,0.6234898018587336,53.4,6,4.076,4.289
2026-08-11 23:20:00,23,20,1,1,-0.1736481776669304,0.984807753012208,0.7818314824680298,0.6234898018587336,47.79,7,3.348,4.262
2026-08-11 23:25:00,23,25,1,1,-0.1521233861899172,0.9883615104677607,0.7818314824680298,0.6234898018587336,58.68,8,4.532,3.471
2026-08-11 23:30:00,23,30,1,1,-0.13052619222005168,0.9914448613738104,0.7818314824680298,0.6234898018587336,53.07,6,4.289,4.036
2026-08-11 23:35:00,23,35,1,1,-0.10886687485196514,0.9940563382223195,0.7818314824680298,0.6234898018587336,55.58,7,4.262,4.133
2026-08-11 23:40:00,23,40,1,1,-0.08715574274765743,0.9961946980917455,0.7818314824680298,0.6234898018587336,51.67,5,3.471,4.256
2026-08-11 23:45:00,23,45,1,1,-0.0654031292301428,0.9978589232386035,0.7818314824680298,0.6234898018587336,54.16,7,4.036,1.097
2026-08-11 23:50:00,23,50,1,1,-0.043619387365336194,0.9990482215818578,0.7818314824680298,0.6234898018587336,54.1,8,4.133,0.712
2026-08-11 23:55:00,23,55,1,1,-0.0218148850345609,0.9997620270799091,0.7818314824680298,0.6234898018587336,59.7,6,4.256,0.467
2026-08-12 00:00:00,0,0,2,1,0.0,1.0,0.9749279121818236,-0.22252093395631434,12.83,2,1.097,0.063
2026-08-12 00:05:00,0,5,2,1,0.02181488503456112,0.9997620270799091,0.9749279121818236,-0.22252093395631434,7.55,2,0.712,0.652
2026-08-12 00:10:00,0,10,2,1,0.043619387365336,0.9990482215818578,0.9749279121818236,-0.22252093395631434,5.43,0,0.467,0.393
2026-08-12 00:15:00,0,15,2,1,0.06540312923014306,0.9978589232386035,0.9749279121818236,-0.22252093395631434,3.21,0,0.063,1.204
2026-08-12 00:20:00,0,20,2,1,0.08715574274765817,0.9961946980917455,0.9749279121818236,-0.22252093395631434,7.81,0,0.652,0.694
2026-08-12 00:25:00,0,25,2,1,0.10886687485196457,0.9940563382223196,0.9749279121818236,-0.22252093395631434,2.16,1,0.393,1.145
2026-08-12 00:30:00,0,30,2,1,0.13052619222005157,0.9914448613738104,0.9749279121818236,-0.22252093395631434,11.88,1,1.204,1.0
2026-08-12 00:35:00,0,35,2,1,0.15212338618991672,0.9883615104677607,0.9749279121818236,-0.22252093395631434,5.23,1,0.694,0.564
2026-08-12 00:40:00,0,40,2,1,0.17364817766693033,0.984807753012208,0.9749279121818236,-0.22252093395631434,8.94,3,1.145,1.468
2026-08-12 00:45:00,0,45,2,1,0.19509032201612825,0.9807852804032304,0.9749279121818236,-0.22252093395631434,9.46,1,1.0,0.355
2026-08-12 00:50:00,0,50,2,1,0.21643961393810288,0.9762960071199334,0.9749279121818236,-0.22252093395631434,2.66,0,0.564,0.935
2026-08-12 00:55:00,0,55,2,1,0.23768589232617307,0.9713420698132614,0.9749279121818236,-0.22252093395631434,14.13,2,1.468,0.767
2026-08-12 01:00:00,1,0,2,1,0.25881904510252074,0.9659258262890683,0.9749279121818236,-0.22252093395631434,8.99,0,0.355,0.538
2026-08-12 01:05:00,1,5,2,1,0.27982901403099203,0.9600498543859287,0.9749279121818236,-0.22252093395631434,8.77,1,0.935,1.593
2026-08-12 01:10:00,1,10,2,1,0.3007057995042732,0.9537169507482269,0.9749279121818236,-0.22252093395631434,10.2,2,0.767,1.267
2026-08-12 01:15:00,1,15,2,1,0.3214394653031616,0.9469301294951057,0.9749279121818236,-0.22252093395631434,9.4,0,0.538,0.644
2026-08-12 01:20:00,1,20,2,1,0.3420201433256687,0.9396926207859084,0.9749279121818236,-0.22252093395631434,13.86,2,1.593,0.89
2026-08-12 01:25:00,1,25,2,1,0.36243803828370164,0.9320078692827986,0.9749279121818236,-0.22252093395631434,17.57,1,1.267,0.661
2026-08-12 01:30:00,1,30,2,1,0.3826834323650898,0.9238795325112867,0.9749279121818236,-0.22252093395631434,8.1,0,0.644,0.116
2026-08-12 01:35:00,1,35,2,1,0.40274668985873724,0.9153114791194471,0.9749279121818236,-0.22252093395631434,9.59,1,0.89,0.839
2026-08-12 01:40:00,1,40,2,1,0.4226182617406994,0.9063077870366499,0.9749279121818236,-0.22252093395631434,9.65,0,0.661,0.0
2026-08-12 01:45:00,1,45,2,1,0.44228869021900125,0.8968727415326884,0.9749279121818236,-0.22252093395631434,2.78,1,0.116,0.461
2026-08-12 01:50:00,1,50,2,1,0.46174861323503397,0.8870108331782217,0.9749279121818236,-0.22252093395631434,9.63,2,0.839,1.378
2026-08-12 01:55:00,1,55,2,1,0.48098876891938763,0.8767267557075077,0.9749279121818236,-0.22252093395631434,3.84,0,0.0,0.198
2026-08-12 02:00:00,2,0,2,1,0.49999999999999994,0.8660254037844387,0.9749279121818236,-0.22252093395631434,5.22,0,0.461,0.605
2026-08-12 02:05:00,2,5,2,1,0.5187732581605214,0.8549118706729466,0.9749279121818236,-0.22252093395631434,16.29,3,1.378,0.968
2026-08-12 02:10:00,2,10,2,1,0.5372996083468238,0.8433914458128857,0.9749279121818236,-0.22252093395631434,5.75,0,0.198,0.528
2026-08-12 02:15:00,2,15,2,1,0.5555702330196022,0.8314696123025452,0.9749279121818236,-0.22252093395631434,9.33,0,0.605,1.435
2026-08-12 02:20:00,2,20,2,1,0.5735764363510462,0.8191520442889918,0.9749279121818236,-0.22252093395631434,10.24,1,0.968,1.74
2026-08-12 02:25:00,2,25,2,1,0.5913096483635824,0.8064446042674827,0.9749279121818236,-0.22252093395631434,5.71,0,0.528,0.619
2026-08-12 02:30:00,2,30,2,1,0.6087614290087207,0.7933533402912352,0.9749279121818236,-0.22252093395631434,9.18,2,1.435,0.384
2026-08-12 02:35:00,2,35,2,1,0.6259234721840591,0.7798844830928818,0.9749279121818236,-0.22252093395631434,14.4,3,1.74,0.768
2026-08-12 02:40:00,2,40,2,1,0.6427876096865393,0.766044443118978,0.9749279121818236,-0.22252093395631434,8.14,0,0.619,0.408
2026-08-12 02:45:00,2,45,2,1,0.6593458151000688,0.7518398074789774,0.9749279121818236,-0.22252093395631434,3.9,3,0.384,1.195
2026-08-12 02:50:00,2,50,2,1,0.6755902076156602,0.7372773368101241,0.9749279121818236,-0.22252093395631434,8.55,2,0.768,0.314
2026-08-12 02:55:00,2,55,2,1,0.6915130557822694,0.7223639620597556,0.9749279121818236,-0.22252093395631434,9.5,1,0.408,1.058
2026-08-12 03:00:00,3,0,2,1,0.7071067811865476,0.7071067811865476,0.9749279121818236,-0.22252093395631434,11.02,1,1.195,1.081
2026-08-12 03:05:00,3,5,2,1,0.7223639620597555,0.6915130557822694,0.9749279121818236,-0.22252093395631434,6.38,1,0.314,1.112
2026-08-12 03:10:00,3,10,2,1,0.737277336810124,0.6755902076156602,0.9749279121818236,-0.22252093395631434,1.46,1,1.058,1.058
2026-08-12 03:15:00,3,15,2,1,0.7518398074789774,0.6593458151000688,0.9749279121818236,-0.22252093395631434,14.78,2,1.081,1.068
2026-08-12 03:20:00,3,20,2,1,0.766044443118978,0.6427876096865394,0.9749279121818236,-0.22252093395631434,14.66,2,1.112,1.354
2026-08-12 03:25:00,3,25,2,1,0.7798844830928817,0.6259234721840591,0.9749279121818236,-0.22252093395631434,9.46,1,1.058,0.445
2026-08-12 03:30:00,3,30,2,1,0.7933533402912352,0.6087614290087207,0.9749279121818236,-0.22252093395631434,12.62,1,1.068,0.858
2026-08-12 03:35:00,3,35,2,1,0.8064446042674825,0.5913096483635825,0.9749279121818236,-0.22252093395631434,17.83,3,1.354,0.886
2026-08-12 03:40:00,3,40,2,1,0.8191520442889917,0.5735764363510462,0.9749279121818236,-0.22252093395631434,8.36,0,0.445,1.187
2026-08-12 03:45:00,3,45,2,1,0.8314696123025451,0.5555702330196024,0.9749279121818236,-0.22252093395631434,7.49,1,0.858,1.282
2026-08-12 03:50:00,3,50,2,1,0.8433914458128856,0.5372996083468239,0.9749279121818236,-0.22252093395631434,7.86,1,0.886,1.234
2026-08-12 03:55:00,3,55,2,1,0.8549118706729466,0.5187732581605216,0.9749279121818236,-0.22252093395631434,12.9,2,1.187,0.53
2026-08-12 04:00:00,4,0,2,1,0.8660254037844386,0.5000000000000001,0.9749279121818236,-0.22252093395631434,13.2,2,1.282,0.541
2026-08-12 04:05:00,4,5,2,1,0.8767267557075077,0.48098876891938774,0.9749279121818236,-0.22252093395631434,11.41,1,1.234,0.794
2026-08-12 04:10:00,4,10,2,1,0.8870108331782217,0.46174861323503386,0.9749279121818236,-0.22252093395631434,6.72,0,0.53,0.992
2026-08-12 04:15:00,4,15,2,1,0.8968727415326884,0.44228869021900125,0.9749279121818236,-0.22252093395631434,7.3,0,0.541,0.555
2026-08-12 04:20:00,4,20,2,1,0.9063077870366498,0.4226182617406996,0.9749279121818236,-0.22252093395631434,10.43,2,0.794,0.057
2026-08-12 04:25:00,4,25,2,1,0.9153114791194471,0.40274668985873724,0.9749279121818236,-0.22252093395631434,10.12,1,0.992,0.89
2026-08-12 04:30:00,4,30,2,1,0.9238795325112867,0.38268343236508984,0.9749279121818236,-0.22252093395631434,10.0,1,0.555,0.901
2026-08-12 04:35:00,4,35,2,1,0.9320078692827984,0.3624380382837017,0.9749279121818236,-0.22252093395631434,3.57,0,0.057,0.632
2026-08-12 04:40:00,4,40,2,1,0.9396926207859084,0.3420201433256686,0.9749279121818236,-0.22252093395631434,13.49,2,0.89,0.843
2026-08-12 04:45:00,4,45,2,1,0.9469301294951056,0.3214394653031617,0.9749279121818236,-0.22252093395631434,8.89,1,0.901,1.104
2026-08-12 04:50:00,4,50,2,1,0.9537169507482268,0.3007057995042733,0.9749279121818236,-0.22252093395631434,12.54,1,0.632,1.748
2026-08-12 04:55:00,4,55,2,1,0.9600498543859287,0.27982901403099203,0.9749279121818236,-0.22252093395631434,15.44,1,0.843,0.681
2026-08-12 05:00:00,5,0,2,1,0.9659258262890683,0.25881904510252074,0.9749279121818236,-0.22252093395631434,10.03,1,1.104,1.287
2026-08-12 05:05:00,5,5,2,1,0.9713420698132614,0.2376858923261731,0.9749279121818236,-0.22252093395631434,17.2,2,1.748,0.773
2026-08-12 05:10:00,5,10,2,1,0.9762960071199334,0.2164396139381029,0.9749279121818236,-0.22252093395631434,5.58,2,0.681,0.205
2026-08-12 05:15:00,5,15,2,1,0.9807852804032304,0.19509032201612833,0.9749279121818236,-0.22252093395631434,10.95,1,1.287,0.678
2026-08-12 05:20:00,5,20,2,1,0.984807753012208,0.17364817766693041,0.9749279121818236,-0.22252093395631434,11.57,1,0.773,0.797
2026-08-12 05:25:00,5,25,2,1,0.9883615104677607,0.1521233861899168,0.9749279121818236,-0.22252093395631434,2.67,0,0.205,0.796
2026-08-12 05:30:00,5,30,2,1,0.9914448613738104,0.1305261922200517,0.9749279121818236,-0.22252093395631434,7.9,2,0.678,0.804
2026-08-12 05:35:00,5,35,2,1,0.9940563382223196,0.10886687485196474,0.9749279121818236,-0.22252093395631434,10.0,1,0.797,0.479
2026-08-12 05:40:00,5,40,2,1,0.9961946980917455,0.08715574274765814,0.9749279121818236,-0.22252093395631434,13.82,1,0.796,0.91
2026-08-12 05:45:00,5,45,2,1,0.9978589232386035,0.06540312923014327,0.9749279121818236,-0.22252093395631434,13.3,1,0.804,0.954
2026-08-12 05:50:00,5,50,2,1,0.9990482215818578,0.04361938736533601,0.9749279121818236,-0.22252093395631434,8.91,0,0.479,1.374
2026-08-12 05:55:00,5,55,2,1,0.9997620270799091,0.021814885034560937,0.9749279121818236,-0.22252093395631434,8.1,3,0.91,1.533
2026-08-12 06:00:00,6,0,2,1,1.0,6.123233995736766e-17,0.9749279121818236,-0.22252093395631434,9.09,2,0.954,0.722
2026-08-12 06:05:00,6,5,2,1,0.9997620270799091,-0.02181488503456081,0.9749279121818236,-0.22252093395631434,9.74,2,1.374,0.888
2026-08-12 06:10:00,6,10,2,1,0.9990482215818578,-0.04361938736533589,0.9749279121818236,-0.22252093395631434,15.69,2,1.533,0.78
2026-08-12 06:15:00,6,15,2,1,0.9978589232386035,-0.06540312923014314,0.9749279121818236,-0.22252093395631434,12.09,3,0.722,0.893
2026-08-12 06:20:00,6,20,2,1,0.9961946980917455,-0.08715574274765801,0.9749279121818236,-0.22252093395631434,10.35,1,0.888,0.0
2026-08-12 06:25:00,6,25,2,1,0.9940563382223196,-0.10886687485196461,0.9749279121818236,-0.22252093395631434,10.81,2,0.78,0.0
2026-08-12 06:30:00,6,30,2,1,0.9914448613738104,-0.1305261922200516,0.9749279121818236,-0.22252093395631434,11.63,1,0.893,1.091
2026-08-12 06:35:00,6,35,2,1,0.9883615104677607,-0.1521233861899167,0.9749279121818236,-0.22252093395631434,4.22,0,0.0,1.313
2026-08-12 06:40:00,6,40,2,1,0.984807753012208,-0.1736481776669303,0.9749279121818236,-0.22252093395631434,4.38,0,0.0,1.591
2026-08-12 06:45:00,6,45,2,1,0.9807852804032304,-0.1950903220161282,0.9749279121818236,-0.22252093395631434,8.19,3,1.091,0.65
2026-08-12 06:50:00,6,50,2,1,0.9762960071199334,-0.2164396139381028,0.9749279121818236,-0.22252093395631434,8.52,2,1.313,0.912
2026-08-12 06:55:00,6,55,2,1,0.9713420698132614,-0.23768589232617318,0.9749279121818236,-0.22252093395631434,13.88,2,1.591,0.876
2026-08-12 07:00:00,7,0,2,1,0.9659258262890683,-0.25881904510252063,0.9749279121818236,-0.22252093395631434,11.51,1,0.65,0.278
2026-08-12 07:05:00,7,5,2,1,0.9600498543859287,-0.2798290140309919,0.9749279121818236,-0.22252093395631434,5.24,2,0.912,0.0
2026-08-12 07:10:00,7,10,2,1,0.9537169507482269,-0.30070579950427295,0.9749279121818236,-0.22252093395631434,8.69,1,0.876,0.429
2026-08-12 07:15:00,7,15,2,1,0.9469301294951057,-0.3214394653031616,0.9749279121818236,-0.22252093395631434,3.02,1,0.278,0.326
2026-08-12 07:20:00,7,20,2,1,0.9396926207859084,-0.3420201433256685,0.9749279121818236,-0.22252093395631434,3.9,0,0.0,0.715
2026-08-12 07:25:00,7,25,2,1,0.9320078692827986,-0.3624380382837016,0.9749279121818236,-0.22252093395631434,9.09,0,0.429,0.756
2026-08-12 07:30:00,7,30,2,1,0.9238795325112868,-0.3826834323650895,0.9749279121818236,-0.22252093395631434,13.12,0,0.326,0.946
2026-08-12 07:35:00,7,35,2,1,0.9153114791194472,-0.40274668985873713,0.9749279121818236,-0.22252093395631434,9.92,2,0.715,0.782
2026-08-12 07:40:00,7,40,2,1,0.90630778703665,-0.42261826174069933,0.9749279121818236,-0.22252093395631434,5.28,2,0.756,1.297
2026-08-12 07:45:00,7,45,2,1,0.8968727415326884,-0.44228869021900113,0.9749279121818236,-0.22252093395631434,11.75,1,0.946,0.711
2026-08-12 07:50:00,7,50,2,1,0.8870108331782218,-0.4617486132350338,0.9749279121818236,-0.22252093395631434,9.05,1,0.782,0.929
2026-08-12 07:55:00,7,55,2,1,0.8767267557075076,-0.48098876891938785,0.9749279121818236,-0.22252093395631434,10.41,1,1.297,0.039
2026-08-12 08:00:00,8,0,2,1,0.8660254037844387,-0.4999999999999998,0.9749279121818236,-0.22252093395631434,13.95,3,0.711,0.323
2026-08-12 08:05:00,8,5,2,1,0.8549118706729465,-0.5187732581605216,0.9749279121818236,-0.22252093395631434,10.69,2,0.929,1.242
2026-08-12 08:10:00,8,10,2,1,0.8433914458128858,-0.5372996083468236,0.9749279121818236,-0.22252093395631434,3.6,0,0.039,0.987
2026-08-12 08:15:00,8,15,2,1,0.8314696123025451,-0.5555702330196023,0.9749279121818236,-0.22252093395631434,7.03,0,0.323,5.812
2026-08-12 08:20:00,8,20,2,1,0.8191520442889917,-0.5735764363510462,0.9749279121818236,-0.22252093395631434,9.3,1,1.242,6.315
2026-08-12 08:25:00,8,25,2,1,0.8064446042674828,-0.5913096483635821,0.9749279121818236,-0.22252093395631434,12.15,1,0.987,6.602
2026-08-12 08:30:00,8,30,2,1,0.7933533402912352,-0.6087614290087207,0.9749279121818236,-0.22252093395631434,74.96,8,5.812,6.591
2026-08-12 08:35:00,8,35,2,1,0.7798844830928817,-0.6259234721840591,0.9749279121818236,-0.22252093395631434,82.66,10,6.315,6.875
2026-08-12 08:40:00,8,40,2,1,0.7660444431189783,-0.642787609686539,0.9749279121818236,-0.22252093395631434,83.91,10,6.602,7.199
2026-08-12 08:45:00,8,45,2,1,0.7518398074789774,-0.6593458151000688,0.9749279121818236,-0.22252093395631434,79.2,9,6.591,7.36
2026-08-12 08:50:00,8,50,2,1,0.7372773368101241,-0.6755902076156602,0.9749279121818236,-0.22252093395631434,84.19,10,6.875,7.276
2026-08-12 08:55:00,8,55,2,1,0.7223639620597556,-0.6915130557822693,0.9749279121818236,-0.22252093395631434,87.66,10,7.199,7.821
2026-08-12 09:00:00,9,0,2,1,0.7071067811865476,-0.7071067811865475,0.9749279121818236,-0.22252093395631434,84.16,11,7.36,7.333
2026-08-12 09:05:00,9,5,2,1,0.6915130557822694,-0.7223639620597555,0.9749279121818236,-0.22252093395631434,88.76,10,7.276,7.071
2026-08-12 09:10:00,9,10,2,1,0.6755902076156604,-0.737277336810124,0.9749279121818236,-0.22252093395631434,97.74,11,7.821,6.949
2026-08-12 09:15:00,9,15,2,1,0.659345815100069,-0.7518398074789773,0.9749279121818236,-0.22252093395631434,93.97,10,7.333,7.478
2026-08-12 09:20:00,9,20,2,1,0.6427876096865391,-0.7660444431189782,0.9749279121818236,-0.22252093395631434,82.64,10,7.071,7.115
2026-08-12 09:25:00,9,25,2,1,0.6259234721840592,-0.7798844830928817,0.9749279121818236,-0.22252093395631434,91.48,10,6.949,7.345
2026-08-12 09:30:00,9,30,2,1,0.6087614290087209,-0.793353340291235,0.9749279121818236,-0.22252093395631434,91.27,12,7.478,7.701
2026-08-12 09:35:00,9,35,2,1,0.5913096483635822,-0.8064446042674827,0.9749279121818236,-0.22252093395631434,87.2,10,7.115,7.943
2026-08-12 09:40:00,9,40,2,1,0.5735764363510464,-0.8191520442889916,0.9749279121818236,-0.22252093395631434,91.23,13,7.345,8.0
2026-08-12 09:45:00,9,45,2,1,0.5555702330196025,-0.831469612302545,0.9749279121818236,-0.22252093395631434,96.19,12,7.701,8.0
2026-08-12 09:50:00,9,50,2,1,0.5372996083468238,-0.8433914458128857,0.9749279121818236,-0.22252093395631434,100.0,11,7.943,7.731
2026-08-12 09:55:00,9,55,2,1,0.5187732581605218,-0.8549118706729464,0.9749279121818236,-0.22252093395631434,100.0,12,8.0,7.363
2026-08-12 10:00:00,10,0,2,1,0.49999999999999994,-0.8660254037844387,0.9749279121818236,-0.22252093395631434,100.0,12,8.0,7.924
2026-08-12 10:05:00,10,5,2,1,0.48098876891938763,-0.8767267557075077,0.9749279121818236,-0.22252093395631434,97.42,11,7.731,7.368
2026-08-12 10:10:00,10,10,2,1,0.4617486132350339,-0.8870108331782217,0.9749279121818236,-0.22252093395631434,89.77,11,7.363,7.334
2026-08-12 10:15:00,10,15,2,1,0.4422886902190017,-0.8968727415326881,0.9749279121818236,-0.22252093395631434,96.37,11,7.924,7.623
2026-08-12 10:20:00,10,20,2,1,0.4226182617406995,-0.9063077870366499,0.9749279121818236,-0.22252093395631434,92.35,11,7.368,7.572
2026-08-12 10:25:00,10,25,2,1,0.4027466898587373,-0.9153114791194471,0.9749279121818236,-0.22252093395631434,90.41,11,7.334,7.444
2026-08-12 10:30:00,10,30,2,1,0.3826834323650899,-0.9238795325112867,0.9749279121818236,-0.22252093395631434,95.97,12,7.623,7.452
2026-08-12 10:35:00,10,35,2,1,0.36243803828370136,-0.9320078692827987,0.9749279121818236,-0.22252093395631434,89.69,11,7.572,6.809
2026-08-12 10:40:00,10,40,2,1,0.3420201433256689,-0.9396926207859083,0.9749279121818236,-0.22252093395631434,92.48,12,7.444,6.807
2026-08-12 10:45:00,10,45,2,1,0.32143946530316175,-0.9469301294951056,0.9749279121818236,-0.22252093395631434,95.37,11,7.452,7.012
2026-08-12 10:50:00,10,50,2,1,0.30070579950427334,-0.9537169507482268,0.9749279121818236,-0.22252093395631434,81.76,11,6.809,7.116
2026-08-12 10:55:00,10,55,2,1,0.2798290140309927,-0.9600498543859285,0.9749279121818236,-0.22252093395631434,88.66,10,6.807,7.776
2026-08-12 11:00:00,11,0,2,1,0.258819045102521,-0.9659258262890682,0.9749279121818236,-0.22252093395631434,88.36,10,7.012,6.873
2026-08-12 11:05:00,11,5,2,1,0.23768589232617293,-0.9713420698132614,0.9749279121818236,-0.22252093395631434,86.76,10,7.116,7.021
2026-08-12 11:10:00,11,10,2,1,0.21643961393810318,-0.9762960071199333,0.9749279121818236,-0.22252093395631434,87.33,12,7.776,6.238
2026-08-12 11:15:00,11,15,2,1,0.19509032201612816,-0.9807852804032304,0.9749279121818236,-0.22252093395631434,87.0,12,6.873,6.558
2026-08-12 11:20:00,11,20,2,1,0.17364817766693028,-0.984807753012208,0.9749279121818236,-0.22252093395631434,82.09,10,7.021,1.016
2026-08-12 11:25:00,11,25,2,1,0.15212338618991708,-0.9883615104677607,0.9749279121818236,-0.22252093395631434,82.94,9,6.238,1.061
2026-08-12 11:30:00,11,30,2,1,0.130526192220052,-0.9914448613738104,0.9749279121818236,-0.22252093395631434,83.55,9,6.558,1.354
2026-08-12 11:35:00,11,35,2,1,0.10886687485196457,-0.9940563382223196,0.9749279121818236,-0.22252093395631434,10.04,1,1.016,1.151
2026-08-12 11:40:00,11,40,2,1,0.0871557427476582,-0.9961946980917455,0.9749279121818236,-0.22252093395631434,11.75,1,1.061,0.614
2026-08-12 11:45:00,11,45,2,1,0.06540312923014312,-0.9978589232386035,0.9749279121818236,-0.22252093395631434,14.15,3,1.354,3.053
2026-08-12 11:50:00,11,50,2,1,0.043619387365335625,-0.9990482215818578,0.9749279121818236,-0.22252093395631434,10.44,1,1.151,2.926
2026-08-12 11:55:00,11,55,2,1,0.021814885034561218,-0.9997620270799091,0.9749279121818236,-0.22252093395631434,7.98,0,0.614,4.236
2026-08-12 12:00:00,12,0,2,1,1.2246467991473532e-16,-1.0,0.9749279121818236,-0.22252093395631434,47.76,4,3.053,2.901
2026-08-12 12:05:00,12,5,2,1,-0.021814885034560975,-0.9997620270799091,0.9749279121818236,-0.22252093395631434,40.65,4,2.926,3.112
2026-08-12 12:10:00,12,10,2,1,-0.04361938736533538,-0.9990482215818578,0.9749279121818236,-0.22252093395631434,49.87,7,4.236,3.551
2026-08-12 12:15:00,12,15,2,1,-0.06540312923014287,-0.9978589232386035,0.9749279121818236,-0.22252093395631434,40.75,5,2.901,4.292
2026-08-12 12:20:00,12,20,2,1,-0.08715574274765794,-0.9961946980917455,0.9749279121818236,-0.22252093395631434,43.16,7,3.112,4.154
2026-08-12 12:25:00,12,25,2,1,-0.10886687485196432,-0.9940563382223196,0.9749279121818236,-0.22252093395631434,50.84,6,3.551,3.357
2026-08-12 12:30:00,12,30,2,1,-0.13052619222005177,-0.9914448613738104,0.9749279121818236,-0.22252093395631434,52.21,6,4.292,4.152
2026-08-12 12:35:00,12,35,2,1,-0.15212338618991683,-0.9883615104677607,0.9749279121818236,-0.22252093395631434,46.67,7,4.154,5.172
2026-08-12 12:40:00,12,40,2,1,-0.17364817766693003,-0.9848077530122081,0.9749279121818236,-0.22252093395631434,47.6,5,3.357,4.245
2026-08-12 12:45:00,12,45,2,1,-0.19509032201612792,-0.9807852804032305,0.9749279121818236,-0.22252093395631434,48.88,6,4.152,3.823
2026-08-12 12:50:00,12,50,2,1,-0.21643961393810293,-0.9762960071199334,0.9749279121818236,-0.22252093395631434,52.98,7,5.172,5.232
2026-08-12 12:55:00,12,55,2,1,-0.2376858923261727,-0.9713420698132615,0.9749279121818236,-0.22252093395631434,49.33,6,4.245,5.658
2026-08-12 13:00:00,13,0,2,1,-0.2588190451025208,-0.9659258262890683,0.9749279121818236,-0.22252093395631434,45.92,7,3.823,5.524
2026-08-12 13:05:00,13,5,2,1,-0.2798290140309925,-0.9600498543859286,0.9749279121818236,-0.22252093395631434,63.38,7,5.232,5.351
2026-08-12 13:10:00,13,10,2,1,-0.30070579950427306,-0.9537169507482269,0.9749279121818236,-0.22252093395631434,67.8,9,5.658,5.524
2026-08-12 13:15:00,13,15,2,1,-0.32143946530316153,-0.9469301294951057,0.9749279121818236,-0.22252093395631434,66.54,8,5.524,5.905
2026-08-12 13:20:00,13,20,2,1,-0.34202014332566866,-0.9396926207859084,0.9749279121818236,-0.22252093395631434,68.9,9,5.351,6.081
2026-08-12 13:25:00,13,25,2,1,-0.36243803828370114,-0.9320078692827987,0.9749279121818236,-0.22252093395631434,67.35,8,5.524,6.019
2026-08-12 13:30:00,13,30,2,1,-0.38268343236508967,-0.9238795325112868,0.9749279121818236,-0.22252093395631434,71.65,8,5.905,5.151
2026-08-12 13:35:00,13,35,2,1,-0.4027466898587371,-0.9153114791194472,0.9749279121818236,-0.22252093395631434,75.86,10,6.081,5.963
2026-08-12 13:40:00,13,40,2,1,-0.4226182617406993,-0.90630778703665,0.9749279121818236,-0.22252093395631434,70.04,9,6.019,6.572
2026-08-12 13:45:00,13,45,2,1,-0.44228869021900147,-0.8968727415326883,0.9749279121818236,-0.22252093395631434,67.62,7,5.151,5.595
2026-08-12 13:50:00,13,50,2,1,-0.46174861323503413,-0.8870108331782216,0.9749279121818236,-0.22252093395631434,71.51,9,5.963,5.052
2026-08-12 13:55:00,13,55,2,1,-0.4809887689193874,-0.8767267557075078,0.9749279121818236,-0.22252093395631434,74.89,11,6.572,5.582
2026-08-12 14:00:00,14,0,2,1,-0.4999999999999997,-0.8660254037844388,0.9749279121818236,-0.22252093395631434,69.4,8,5.595,5.082
2026-08-12 14:05:00,14,5,2,1,-0.5187732581605216,-0.8549118706729465,0.9749279121818236,-0.22252093395631434,67.28,7,5.052,5.58
2026-08-12 14:10:00,14,10,2,1,-0.5372996083468236,-0.8433914458128858,0.9749279121818236,-0.22252093395631434,65.6,9,5.582,6.614
2026-08-12 14:15:00,14,15,2,1,-0.555570233019602,-0.8314696123025455,0.9749279121818236,-0.22252093395631434,69.93,8,5.082,6.185
2026-08-12 14:20:00,14,20,2,1,-0.5735764363510458,-0.819152044288992,0.9749279121818236,-0.22252093395631434,71.81,9,5.58,5.275
2026-08-12 14:25:00,14,25,2,1,-0.5913096483635824,-0.8064446042674825,0.9749279121818236,-0.22252093395631434,77.24,9,6.614,5.491
2026-08-12 14:30:00,14,30,2,1,-0.6087614290087207,-0.7933533402912352,0.9749279121818236,-0.22252093395631434,79.17,9,6.185,6.213
2026-08-12 14:35:00,14,35,2,1,-0.6259234721840591,-0.7798844830928818,0.9749279121818236,-0.22252093395631434,69.53,7,5.275,5.078
2026-08-12 14:40:00,14,40,2,1,-0.6427876096865389,-0.7660444431189783,0.9749279121818236,-0.22252093395631434,68.35,9,5.491,5.485
2026-08-12 14:45:00,14,45,2,1,-0.6593458151000688,-0.7518398074789774,0.9749279121818236,-0.22252093395631434,79.96,10,6.213,5.879
2026-08-12 14:50:00,14,50,2,1,-0.6755902076156601,-0.7372773368101241,0.9749279121818236,-0.22252093395631434,69.7,7,5.078,6.002
2026-08-12 14:55:00,14,55,2,1,-0.691513055782269,-0.722363962059756,0.9749279121818236,-0.22252093395631434,74.0,8,5.485,6.92
2026-08-12 15:00:00,15,0,2,1,-0.7071067811865471,-0.7071067811865479,0.9749279121818236,-0.22252093395631434,78.3,9,5.879,5.905
2026-08-12 15:05:00,15,5,2,1,-0.7223639620597557,-0.6915130557822692,0.9749279121818236,-0.22252093395631434,74.33,9,6.002,5.361
2026-08-12 15:10:00,15,10,2,1,-0.7372773368101239,-0.6755902076156604,0.9749279121818236,-0.22252093395631434,81.48,11,6.92,6.013
2026-08-12 15:15:00,15,15,2,1,-0.7518398074789773,-0.6593458151000691,0.9749279121818236,-0.22252093395631434,78.12,9,5.905,6.686
2026-08-12 15:20:00,15,20,2,1,-0.7660444431189779,-0.6427876096865395,0.9749279121818236,-0.22252093395631434,70.46,8,5.361,5.936
2026-08-12 15:25:00,15,25,2,1,-0.7798844830928814,-0.6259234721840596,0.9749279121818236,-0.22252093395631434,74.13,9,6.013,6.16
2026-08-12 15:30:00,15,30,2,1,-0.7933533402912349,-0.6087614290087209,0.9749279121818236,-0.22252093395631434,79.19,10,6.686,5.993
2026-08-12 15:35:00,15,35,2,1,-0.8064446042674827,-0.5913096483635822,0.9749279121818236,-0.22252093395631434,75.16,8,5.936,5.923
2026-08-12 15:40:00,15,40,2,1,-0.8191520442889916,-0.5735764363510464,0.9749279121818236,-0.22252093395631434,77.23,9,6.16,6.131
2026-08-12 15:45:00,15,45,2,1,-0.8314696123025452,-0.5555702330196022,0.9749279121818236,-0.22252093395631434,73.34,10,5.993,5.339
2026-08-12 15:50:00,15,50,2,1,-0.8433914458128859,-0.5372996083468234,0.9749279121818236,-0.22252093395631434,74.69,8,5.923,6.921
2026-08-12 15:55:00,15,55,2,1,-0.8549118706729466,-0.5187732581605214,0.9749279121818236,-0.22252093395631434,75.93,9,6.131,5.849
2026-08-12 16:00:00,16,0,2,1,-0.8660254037844385,-0.5000000000000004,0.9749279121818236,-0.22252093395631434,72.76,9,5.339,6.198
2026-08-12 16:05:00,16,5,2,1,-0.8767267557075072,-0.48098876891938847,0.9749279121818236,-0.22252093395631434,81.33,11,6.921,5.435
2026-08-12 16:10:00,16,10,2,1,-0.8870108331782218,-0.4617486132350336,0.9749279121818236,-0.22252093395631434,72.12,8,5.849,6.326
2026-08-12 16:15:00,16,15,2,1,-0.8968727415326883,-0.44228869021900136,0.9749279121818236,-0.22252093395631434,75.35,9,6.198,6.113
2026-08-12 16:20:00,16,20,2,1,-0.9063077870366497,-0.42261826174069994,0.9749279121818236,-0.22252093395631434,70.53,8,5.435,5.605
2026-08-12 16:25:00,16,25,2,1,-0.9153114791194471,-0.40274668985873735,0.9749279121818236,-0.22252093395631434,80.21,10,6.326,5.562
2026-08-12 16:30:00,16,30,2,1,-0.9238795325112868,-0.3826834323650895,0.9749279121818236,-0.22252093395631434,74.72,11,6.113,6.045
2026-08-12 16:35:00,16,35,2,1,-0.9320078692827984,-0.3624380382837018,0.9749279121818236,-0.22252093395631434,74.7,9,5.605,5.069
2026-08-12 16:40:00,16,40,2,1,-0.9396926207859084,-0.34202014332566855,0.9749279121818236,-0.22252093395631434,69.38,8,5.562,6.066
2026-08-12 16:45:00,16,45,2,1,-0.9469301294951056,-0.3214394653031618,0.9749279121818236,-0.22252093395631434,72.69,9,6.045,5.992
2026-08-12 16:50:00,16,50,2,1,-0.9537169507482267,-0.3007057995042738,0.9749279121818236,-0.22252093395631434,68.55,8,5.069,5.863
2026-08-12 16:55:00,16,55,2,1,-0.9600498543859286,-0.27982901403099236,0.9749279121818236,-0.22252093395631434,70.37,10,6.066,5.682
2026-08-12 17:00:00,17,0,2,1,-0.9659258262890683,-0.25881904510252063,0.9749279121818236,-0.22252093395631434,68.45,8,5.992,5.343
2026-08-12 17:05:00,17,5,2,1,-0.9713420698132613,-0.23768589232617343,0.9749279121818236,-0.22252093395631434,72.6,8,5.863,5.801
2026-08-12 17:10:00,17,10,2,1,-0.9762960071199334,-0.21643961393810282,0.9749279121818236,-0.22252093395631434,67.8,8,5.682,5.313
2026-08-12 17:15:00,17,15,2,1,-0.9807852804032303,-0.19509032201612866,0.9749279121818236,-0.22252093395631434,66.78,8,5.343,5.309
2026-08-12 17:20:00,17,20,2,1,-0.9848077530122079,-0.1736481776669312,0.9749279121818236,-0.22252093395631434,67.09,9,5.801,5.117
2026-08-12 17:25:00,17,25,2,1,-0.9883615104677608,-0.15212338618991628,0.9749279121818236,-0.22252093395631434,67.47,7,5.313,4.9
2026-08-12 17:30:00,17,30,2,1,-0.9914448613738104,-0.13052619222005163,0.9749279121818236,-0.22252093395631434,70.26,9,5.309,4.496
2026-08-12 17:35:00,17,35,2,1,-0.9940563382223195,-0.10886687485196507,0.9749279121818236,-0.22252093395631434,66.26,7,5.117,4.508
2026-08-12 17:40:00,17,40,2,1,-0.9961946980917455,-0.08715574274765825,0.9749279121818236,-0.22252093395631434,67.48,7,4.9,4.913
2026-08-12 17:45:00,17,45,2,1,-0.9978589232386035,-0.06540312923014273,0.9749279121818236,-0.22252093395631434,61.16,8,4.496,4.756
2026-08-12 17:50:00,17,50,2,1,-0.9990482215818578,-0.04361938736533613,0.9749279121818236,-0.22252093395631434,61.46,6,4.508,0.905
2026-08-12 17:55:00,17,55,2,1,-0.9997620270799091,-0.021814885034560836,0.9749279121818236,-0.22252093395631434,64.6,7,4.913,0.555
2026-08-12 18:00:00,18,0,2,1,-1.0,-1.8369701987210297e-16,0.9749279121818236,-0.22252093395631434,59.4,8,4.756,0.691
2026-08-12 18:05:00,18,5,2,1,-0.9997620270799091,0.021814885034560468,0.9749279121818236,-0.22252093395631434,10.7,2,0.905,1.388
2026-08-12 18:10:00,18,10,2,1,-0.9990482215818578,0.043619387365335764,0.9749279121818236,-0.22252093395631434,5.59,1,0.555,0.838
2026-08-12 18:15:00,18,15,2,1,-0.9978589232386036,0.06540312923014237,0.9749279121818236,-0.22252093395631434,5.85,1,0.691,0.638
2026-08-12 18:20:00,18,20,2,1,-0.9961946980917455,0.08715574274765789,0.9749279121818236,-0.22252093395631434,13.9,2,1.388,0.526
2026-08-12 18:25:00,18,25,2,1,-0.9940563382223196,0.10886687485196471,0.9749279121818236,-0.22252093395631434,8.88,1,0.838,0.19
2026-08-12 18:30:00,18,30,2,1,-0.9914448613738105,0.13052619222005127,0.9749279121818236,-0.22252093395631434,9.13,0,0.638,0.97
2026-08-12 18:35:00,18,35,2,1,-0.9883615104677609,0.15212338618991592,0.9749279121818236,-0.22252093395631434,4.33,0,0.526,0.0
2026-08-12 18:40:00,18,40,2,1,-0.984807753012208,0.17364817766693083,0.9749279121818236,-0.22252093395631434,4.49,0,0.19,1.464
2026-08-12 18:45:00,18,45,2,1,-0.9807852804032304,0.1950903220161283,0.9749279121818236,-0.22252093395631434,10.45,1,0.97,0.001
2026-08-12 18:50:00,18,50,2,1,-0.9762960071199335,0.21643961393810246,0.9749279121818236,-0.22252093395631434,3.66,0,0.0,0.501
2026-08-12 18:55:00,18,55,2,1,-0.9713420698132614,0.23768589232617307,0.9749279121818236,-0.22252093395631434,14.34,2,1.464,0.456
2026-08-12 19:00:00,19,0,2,1,-0.9659258262890684,0.2588190451025203,0.9749279121818236,-0.22252093395631434,0.0,1,0.001,0.677
2026-08-12 19:05:00,19,5,2,1,-0.9600498543859287,0.279829014030992,0.9749279121818236,-0.22252093395631434,5.94,0,0.501,0.811
2026-08-12 19:10:00,19,10,2,1,-0.9537169507482268,0.30070579950427345,0.9749279121818236,-0.22252093395631434,8.66,0,0.456,0.689
2026-08-12 19:15:00,19,15,2,1,-0.9469301294951057,0.3214394653031615,0.9749279121818236,-0.22252093395631434,6.02,1,0.677,1.305
2026-08-12 19:20:00,19,20,2,1,-0.9396926207859085,0.34202014332566816,0.9749279121818236,-0.22252093395631434,9.47,1,0.811,1.417
2026-08-12 19:25:00,19,25,2,1,-0.9320078692827986,0.36243803828370147,0.9749279121818236,-0.22252093395631434,8.8,2,0.689,0.076
2026-08-12 19:30:00,19,30,2,1,-0.923879532511287,0.38268343236508917,0.9749279121818236,-0.22252093395631434,20.48,2,1.305,0.818
2026-08-12 19:35:00,19,35,2,1,-0.9153114791194472,0.402746689858737,0.9749279121818236,-0.22252093395631434,11.12,4,1.417,0.531
2026-08-12 19:40:00,19,40,2,1,-0.9063077870366498,0.4226182617406996,0.9749279121818236,-0.22252093395631434,1.66,1,0.076,0.397
2026-08-12 19:45:00,19,45,2,1,-0.8968727415326884,0.442288690219001,0.9749279121818236,-0.22252093395631434,11.33,2,0.818,4.269
2026-08-12 19:50:00,19,50,2,1,-0.887010833178222,0.46174861323503325,0.9749279121818236,-0.22252093395631434,9.26,2,0.531,4.71
2026-08-12 19:55:00,19,55,2,1,-0.8767267557075075,0.48098876891938813,0.9749279121818236,-0.22252093395631434,13.39,1,0.397,3.848
2026-08-12 20:00:00,20,0,2,1,-0.8660254037844386,0.5000000000000001,0.9749279121818236,-0.22252093395631434,52.57,6,4.269,4.145
2026-08-12 20:05:00,20,5,2,1,-0.8549118706729468,0.5187732581605211,0.9749279121818236,-0.22252093395631434,53.82,8,4.71,4.879
2026-08-12 20:10:00,20,10,2,1,-0.8433914458128857,0.5372996083468239,0.9749279121818236,-0.22252093395631434,50.69,5,3.848,4.966
2026-08-12 20:15:00,20,15,2,1,-0.8314696123025455,0.5555702330196018,0.9749279121818236,-0.22252093395631434,52.5,6,4.145,4.792
2026-08-12 20:20:00,20,20,2,1,-0.8191520442889918,0.573576436351046,0.9749279121818236,-0.22252093395631434,62.05,8,4.879,4.971
2026-08-12 20:25:00,20,25,2,1,-0.8064446042674829,0.591309648363582,0.9749279121818236,-0.22252093395631434,54.16,7,4.966,4.051
2026-08-12 20:30:00,20,30,2,1,-0.7933533402912357,0.6087614290087199,0.9749279121818236,-0.22252093395631434,57.4,7,4.792,4.328
2026-08-12 20:35:00,20,35,2,1,-0.7798844830928816,0.6259234721840593,0.9749279121818236,-0.22252093395631434,60.59,8,4.971,4.634
2026-08-12 20:40:00,20,40,2,1,-0.7660444431189781,0.6427876096865393,0.9749279121818236,-0.22252093395631434,50.42,7,4.051,4.744
2026-08-12 20:45:00,20,45,2,1,-0.7518398074789772,0.6593458151000691,0.9749279121818236,-0.22252093395631434,52.12,6,4.328,4.189
2026-08-12 20:50:00,20,50,2,1,-0.7372773368101242,0.6755902076156601,0.9749279121818236,-0.22252093395631434,56.19,8,4.634,4.364
2026-08-12 20:55:00,20,55,2,1,-0.7223639620597554,0.6915130557822695,0.9749279121818236,-0.22252093395631434,58.14,7,4.744,3.816
2026-08-12 21:00:00,21,0,2,1,-0.7071067811865477,0.7071067811865474,0.9749279121818236,-0.22252093395631434,50.87,6,4.189,4.625
2026-08-12 21:05:00,21,5,2,1,-0.6915130557822698,0.7223639620597551,0.9749279121818236,-0.22252093395631434,51.05,6,4.364,4.565
2026-08-12 21:10:00,21,10,2,1,-0.6755902076156598,0.7372773368101244,0.9749279121818236,-0.22252093395631434,50.64,5,3.816,4.446
2026-08-12 21:15:00,21,15,2,1,-0.6593458151000687,0.7518398074789775,0.9749279121818236,-0.22252093395631434,58.4,6,4.625,4.621
2026-08-12 21:20:00,21,20,2,1,-0.6427876096865396,0.7660444431189778,0.9749279121818236,-0.22252093395631434,51.37,7,4.565,3.956
2026-08-12 21:25:00,21,25,2,1,-0.625923472184059,0.7798844830928818,0.9749279121818236,-0.22252093395631434,52.37,7,4.446,4.097
2026-08-12 21:30:00,21,30,2,1,-0.608761429008721,0.7933533402912349,0.9749279121818236,-0.22252093395631434,55.69,6,4.621,4.856
2026-08-12 21:35:00,21,35,2,1,-0.591309648363583,0.8064446042674821,0.9749279121818236,-0.22252093395631434,51.73,6,3.956,4.322
2026-08-12 21:40:00,21,40,2,1,-0.5735764363510465,0.8191520442889916,0.9749279121818236,-0.22252093395631434,48.9,7,4.097,4.233
2026-08-12 21:45:00,21,45,2,1,-0.555570233019603,0.8314696123025447,0.9749279121818236,-0.22252093395631434,57.85,7,4.856,4.042
2026-08-12 21:50:00,21,50,2,1,-0.537299608346825,0.8433914458128849,0.9749279121818236,-0.22252093395631434,56.04,6,4.322,4.354
2026-08-12 21:55:00,21,55,2,1,-0.5187732581605214,0.8549118706729466,0.9749279121818236,-0.22252093395631434,53.16,6,4.233,4.602
2026-08-12 22:00:00,22,0,2,1,-0.5000000000000004,0.8660254037844384,0.9749279121818236,-0.22252093395631434,56.4,6,4.042,4.211
2026-08-12 22:05:00,22,5,2,1,-0.48098876891938774,0.8767267557075077,0.9749279121818236,-0.22252093395631434,50.06,8,4.354,4.826
2026-08-12 22:10:00,22,10,2,1,-0.46174861323503363,0.8870108331782218,0.9749279121818236,-0.22252093395631434,56.34,6,4.602,4.218
2026-08-12 22:15:00,22,15,2,1,-0.4422886902190014,0.8968727415326883,0.9749279121818236,-0.22252093395631434,52.17,6,4.211,4.347
2026-08-12 22:20:00,22,20,2,1,-0.4226182617407,0.9063077870366497,0.9749279121818236,-0.22252093395631434,58.03,9,4.826,4.352
2026-08-12 22:25:00,22,25,2,1,-0.40274668985873663,0.9153114791194474,0.9749279121818236,-0.22252093395631434,54.61,6,4.218,5.016
2026-08-12 22:30:00,22,30,2,1,-0.38268343236508956,0.9238795325112868,0.9749279121818236,-0.22252093395631434,54.84,7,4.347,4.851
2026-08-12 22:35:00,22,35,2,1,-0.36243803828370186,0.9320078692827984,0.9749279121818236,-0.22252093395631434,59.33,6,4.352,4.809
2026-08-12 22:40:00,22,40,2,1,-0.3420201433256686,0.9396926207859084,0.9749279121818236,-0.22252093395631434,60.34,7,5.016,4.454
2026-08-12 22:45:00,22,45,2,1,-0.32143946530316186,0.9469301294951056,0.9749279121818236,-0.22252093395631434,56.55,7,4.851,4.598
2026-08-12 22:50:00,22,50,2,1,-0.30070579950427384,0.9537169507482267,0.9749279121818236,-0.22252093395631434,58.87,7,4.809,4.673
2026-08-12 22:55:00,22,55,2,1,-0.2798290140309924,0.9600498543859286,0.9749279121818236,-0.22252093395631434,55.58,7,4.454,3.972
2026-08-12 23:00:00,23,0,2,1,-0.25881904510252157,0.9659258262890681,0.9749279121818236,-0.22252093395631434,51.73,6,4.598,5.101
2026-08-12 23:05:00,23,5,2,1,-0.23768589232617435,0.9713420698132611,0.9749279121818236,-0.22252093395631434,57.81,8,4.673,4.874
2026-08-12 23:10:00,23,10,2,1,-0.21643961393810288,0.9762960071199334,0.9749279121818236,-0.22252093395631434,49.12,8,3.972,5.029
2026-08-12 23:15:00,23,15,2,1,-0.19509032201612872,0.9807852804032303,0.9749279121818236,-0.22252093395631434,57.77,7,5.101,4.017
2026-08-12 23:20:00,23,20,2,1,-0.1736481776669304,0.984807753012208,0.9749279121818236,-0.22252093395631434,62.82,8,4.874,4.316
2026-08-12 23:25:00,23,25,2,1,-0.1521233861899172,0.9883615104677607,0.9749279121818236,-0.22252093395631434,62.85,8,5.029,4.847
2026-08-12 23:30:00,23,30,2,1,-0.13052619222005168,0.9914448613738104,0.9749279121818236,-0.22252093395631434,52.03,7,4.017,5.154
2026-08-12 23:35:00,23,35,2,1,-0.10886687485196514,0.9940563382223195,0.9749279121818236,-0.22252093395631434,57.25,6,4.316,3.502
2026-08-12 23:40:00,23,40,2,1,-0.08715574274765743,0.9961946980917455,0.9749279121818236,-0.22252093395631434,58.81,7,4.847,4.032
2026-08-12 23:45:00,23,45,2,1,-0.0654031292301428,0.9978589232386035,0.9749279121818236,-0.22252093395631434,61.22,10,5.154,0.577
2026-08-12 23:50:00,23,50,2,1,-0.043619387365336194,0.9990482215818578,0.9749279121818236,-0.22252093395631434,44.88,5,3.502,0.641
2026-08-12 23:55:00,23,55,2,1,-0.0218148850345609,0.9997620270799091,0.9749279121818236,-0.22252093395631434,48.38,7,4.032,1.176
2026-08-13 00:00:00,0,0,3,1,0.0,1.0,0.43388373911755823,-0.900968867902419,3.04,0,0.577,0.835
2026-08-13 00:05:00,0,5,3,1,0.02181488503456112,0.9997620270799091,0.43388373911755823,-0.900968867902419,9.7,0,0.641,0.812
2026-08-13 00:10:00,0,10,3,1,0.043619387365336,0.9990482215818578,0.43388373911755823,-0.900968867902419,13.73,2,1.176,1.127
2026-08-13 00:15:00,0,15,3,1,0.06540312923014306,0.9978589232386035,0.43388373911755823,-0.900968867902419,11.72,2,0.835,0.576
2026-08-13 00:20:00,0,20,3,1,0.08715574274765817,0.9961946980917455,0.43388373911755823,-0.900968867902419,6.42,3,0.812,0.533
2026-08-13 00:25:00,0,25,3,1,0.10886687485196457,0.9940563382223196,0.43388373911755823,-0.900968867902419,11.01,2,1.127,0.279
2026-08-13 00:30:00,0,30,3,1,0.13052619222005157,0.9914448613738104,0.43388373911755823,-0.900968867902419,7.93,4,0.576,0.116
2026-08-13 00:35:00,0,35,3,1,0.15212338618991672,0.9883615104677607,0.43388373911755823,-0.900968867902419,7.33,0,0.533,0.247
2026-08-13 00:40:00,0,40,3,1,0.17364817766693033,0.984807753012208,0.43388373911755823,-0.900968867902419,9.29,0,0.279,0.165
2026-08-13 00:45:00,0,45,3,1,0.19509032201612825,0.9807852804032304,0.43388373911755823,-0.900968867902419,3.19,1,0.116,0.823
2026-08-13 00:50:00,0,50,3,1,0.21643961393810288,0.9762960071199334,0.43388373911755823,-0.900968867902419,5.94,0,0.247,0.968
2026-08-13 00:55:00,0,55,3,1,0.23768589232617307,0.9713420698132614,0.43388373911755823,-0.900968867902419,6.92,1,0.165,0.535
2026-08-13 01:00:00,1,0,3,1,0.25881904510252074,0.9659258262890683,0.43388373911755823,-0.900968867902419,12.38,1,0.823,1.317
2026-08-13 01:05:00,1,5,3,1,0.27982901403099203,0.9600498543859287,0.43388373911755823,-0.900968867902419,13.52,1,0.968,1.667
2026-08-13 01:10:00,1,10,3,1,0.3007057995042732,0.9537169507482269,0.43388373911755823,-0.900968867902419,9.87,0,0.535,0.578
2026-08-13 01:15:00,1,15,3,1,0.3214394653031616,0.9469301294951057,0.43388373911755823,-0.900968867902419,15.41,1,1.317,0.524
2026-08-13 01:20:00,1,20,3,1,0.3420201433256687,0.9396926207859084,0.43388373911755823,-0.900968867902419,10.74,2,1.667,0.0
2026-08-13 01:25:00,1,25,3,1,0.36243803828370164,0.9320078692827986,0.43388373911755823,-0.900968867902419,4.29,0,0.578,1.366
2026-08-13 01:30:00,1,30,3,1,0.3826834323650898,0.9238795325112867,0.43388373911755823,-0.900968867902419,9.68,0,0.524,1.233
2026-08-13 01:35:00,1,35,3,1,0.40274668985873724,0.9153114791194471,0.43388373911755823,-0.900968867902419,5.26,1,0.0,0.363
2026-08-13 01:40:00,1,40,3,1,0.4226182617406994,0.9063077870366499,0.43388373911755823,-0.900968867902419,14.52,3,1.366,1.18
2026-08-13 01:45:00,1,45,3,1,0.44228869021900125,0.8968727415326884,0.43388373911755823,-0.900968867902419,14.9,3,1.233,1.029
2026-08-13 01:50:00,1,50,3,1,0.46174861323503397,0.8870108331782217,0.43388373911755823,-0.900968867902419,9.8,1,0.363,1.218
2026-08-13 01:55:00,1,55,3,1,0.48098876891938763,0.8767267557075077,0.43388373911755823,-0.900968867902419,14.99,1,1.18,0.507
2026-08-13 02:00:00,2,0,3,1,0.49999999999999994,0.8660254037844387,0.43388373911755823,-0.900968867902419,8.91,1,1.029,1.462
2026-08-13 02:05:00,2,5,3,1,0.5187732581605214,0.8549118706729466,0.43388373911755823,-0.900968867902419,16.25,1,1.218,0.388
2026-08-13 02:10:00,2,10,3,1,0.5372996083468238,0.8433914458128857,0.43388373911755823,-0.900968867902419,11.05,0,0.507,0.474
2026-08-13 02:15:00,2,15,3,1,0.5555702330196022,0.8314696123025452,0.43388373911755823,-0.900968867902419,18.88,2,1.462,0.444
2026-08-13 02:20:00,2,20,3,1,0.5735764363510462,0.8191520442889918,0.43388373911755823,-0.900968867902419,1.61,1,0.388,0.513
2026-08-13 02:25:00,2,25,3,1,0.5913096483635824,0.8064446042674827,0.43388373911755823,-0.900968867902419,4.83,0,0.474,0.988
2026-08-13 02:30:00,2,30,3,1,0.6087614290087207,0.7933533402912352,0.43388373911755823,-0.900968867902419,7.57,1,0.444,1.236
2026-08-13 02:35:00,2,35,3,1,0.6259234721840591,0.7798844830928818,0.43388373911755823,-0.900968867902419,5.58,0,0.513,0.652
2026-08-13 02:40:00,2,40,3,1,0.6427876096865393,0.766044443118978,0.43388373911755823,-0.900968867902419,7.87,1,0.988,0.846
2026-08-13 02:45:00,2,45,3,1,0.6593458151000688,0.7518398074789774,0.43388373911755823,-0.900968867902419,14.72,2,1.236,1.34
2026-08-13 02:50:00,2,50,3,1,0.6755902076156602,0.7372773368101241,0.43388373911755823,-0.900968867902419,5.59,0,0.652,0.0
2026-08-13 02:55:00,2,55,3,1,0.6915130557822694,0.7223639620597556,0.43388373911755823,-0.900968867902419,8.56,1,0.846,1.057
2026-08-13 03:00:00,3,0,3,1,0.7071067811865476,0.7071067811865476,0.43388373911755823,-0.900968867902419,12.14,3,1.34,0.3
2026-08-13 03:05:00,3,5,3,1,0.7223639620597555,0.6915130557822694,0.43388373911755823,-0.900968867902419,1.65,0,0.0,1.045
2026-08-13 03:10:00,3,10,3,1,0.737277336810124,0.6755902076156602,0.43388373911755823,-0.900968867902419,13.32,1,1.057,0.743
2026-08-13 03:15:00,3,15,3,1,0.7518398074789774,0.6593458151000688,0.43388373911755823,-0.900968867902419,6.25,0,0.3,1.0
2026-08-13 03:20:00,3,20,3,1,0.766044443118978,0.6427876096865394,0.43388373911755823,-0.900968867902419,9.72,1,1.045,0.792
2026-08-13 03:25:00,3,25,3,1,0.7798844830928817,0.6259234721840591,0.43388373911755823,-0.900968867902419,7.57,1,0.743,0.275
2026-08-13 03:30:00,3,30,3,1,0.7933533402912352,0.6087614290087207,0.43388373911755823,-0.900968867902419,17.76,3,1.0,1.11
2026-08-13 03:35:00,3,35,3,1,0.8064446042674825,0.5913096483635825,0.43388373911755823,-0.900968867902419,8.46,1,0.792,0.592
2026-08-13 03:40:00,3,40,3,1,0.8191520442889917,0.5735764363510462,0.43388373911755823,-0.900968867902419,7.6,0,0.275,0.65
2026-08-13 03:45:00,3,45,3,1,0.8314696123025451,0.5555702330196024,0.43388373911755823,-0.900968867902419,13.07,1,1.11,0.658
2026-08-13 03:50:00,3,50,3,1,0.8433914458128856,0.5372996083468239,0.43388373911755823,-0.900968867902419,7.4,0,0.592,0.612
2026-08-13 03:55:00,3,55,3,1,0.8549118706729466,0.5187732581605216,0.43388373911755823,-0.900968867902419,1.66,1,0.65,0.328
2026-08-13 04:00:00,4,0,3,1,0.8660254037844386,0.5000000000000001,0.43388373911755823,-0.900968867902419,9.82,0,0.658,0.736
2026-08-13 04:05:00,4,5,3,1,0.8767267557075077,0.48098876891938774,0.43388373911755823,-0.900968867902419,11.0,0,0.612,1.574
2026-08-13 04:10:00,4,10,3,1,0.8870108331782217,0.46174861323503386,0.43388373911755823,-0.900968867902419,8.34,1,0.328,1.22
2026-08-13 04:15:00,4,15,3,1,0.8968727415326884,0.44228869021900125,0.43388373911755823,-0.900968867902419,7.86,2,0.736,0.718
2026-08-13 04:20:00,4,20,3,1,0.9063077870366498,0.4226182617406996,0.43388373911755823,-0.900968867902419,12.74,3,1.574,0.584
2026-08-13 04:25:00,4,25,3,1,0.9153114791194471,0.40274668985873724,0.43388373911755823,-0.900968867902419,10.39,2,1.22,1.066
2026-08-13 04:30:00,4,30,3,1,0.9238795325112867,0.38268343236508984,0.43388373911755823,-0.900968867902419,9.22,3,0.718,1.522
2026-08-13 04:35:00,4,35,3,1,0.9320078692827984,0.3624380382837017,0.43388373911755823,-0.900968867902419,12.78,1,0.584,0.538
2026-08-13 04:40:00,4,40,3,1,0.9396926207859084,0.3420201433256686,0.43388373911755823,-0.900968867902419,11.33,1,1.066,0.162
2026-08-13 04:45:00,4,45,3,1,0.9469301294951056,0.3214394653031617,0.43388373911755823,-0.900968867902419,13.5,3,1.522,0.948
2026-08-13 04:50:00,4,50,3,1,0.9537169507482268,0.3007057995042733,0.43388373911755823,-0.900968867902419,7.58,0,0.538,0.539
2026-08-13 04:55:00,4,55,3,1,0.9600498543859287,0.27982901403099203,0.43388373911755823,-0.900968867902419,6.72,2,0.162,0.275
2026-08-13 05:00:00,5,0,3,1,0.9659258262890683,0.25881904510252074,0.43388373911755823,-0.900968867902419,12.56,1,0.948,1.419
2026-08-13 05:05:00,5,5,3,1,0.9713420698132614,0.2376858923261731,0.43388373911755823,-0.900968867902419,5.62,1,0.539,1.021
2026-08-13 05:10:00,5,10,3,1,0.9762960071199334,0.2164396139381029,0.43388373911755823,-0.900968867902419,3.4,0,0.275,0.892
2026-08-13 05:15:00,5,15,3,1,0.9807852804032304,0.19509032201612833,0.43388373911755823,-0.900968867902419,14.82,3,1.419,0.491
2026-08-13 05:20:00,5,20,3,1,0.984807753012208,0.17364817766693041,0.43388373911755823,-0.900968867902419,6.2,1,1.021,1.114
2026-08-13 05:25:00,5,25,3,1,0.9883615104677607,0.1521233861899168,0.43388373911755823,-0.900968867902419,8.92,2,0.892,1.387
2026-08-13 05:30:00,5,30,3,1,0.9914448613738104,0.1305261922200517,0.43388373911755823,-0.900968867902419,7.99,0,0.491,0.167
2026-08-13 05:35:00,5,35,3,1,0.9940563382223196,0.10886687485196474,0.43388373911755823,-0.900968867902419,14.89,1,1.114,0.342
2026-08-13 05:40:00,5,40,3,1,0.9961946980917455,0.08715574274765814,0.43388373911755823,-0.900968867902419,10.92,2,1.387,1.123
2026-08-13 05:45:00,5,45,3,1,0.9978589232386035,0.06540312923014327,0.43388373911755823,-0.900968867902419,2.35,0,0.167,1.448
2026-08-13 05:50:00,5,50,3,1,0.9990482215818578,0.04361938736533601,0.43388373911755823,-0.900968867902419,5.16,0,0.342,1.121
2026-08-13 05:55:00,5,55,3,1,0.9997620270799091,0.021814885034560937,0.43388373911755823,-0.900968867902419,13.65,1,1.123,1.101
2026-08-13 06:00:00,6,0,3,1,1.0,6.123233995736766e-17,0.43388373911755823,-0.900968867902419,13.41,4,1.448,1.162
2026-08-13 06:05:00,6,5,3,1,0.9997620270799091,-0.02181488503456081,0.43388373911755823,-0.900968867902419,12.93,1,1.121,0.644
2026-08-13 06:10:00,6,10,3,1,0.9990482215818578,-0.04361938736533589,0.43388373911755823,-0.900968867902419,11.87,1,1.101,1.56
2026-08-13 06:15:00,6,15,3,1,0.9978589232386035,-0.06540312923014314,0.43388373911755823,-0.900968867902419,5.48,1,1.162,0.51
2026-08-13 06:20:00,6,20,3,1,0.9961946980917455,-0.08715574274765801,0.43388373911755823,-0.900968867902419,10.6,1,0.644,0.914
2026-08-13 06:25:00,6,25,3,1,0.9940563382223196,-0.10886687485196461,0.43388373911755823,-0.900968867902419,11.69,2,1.56,1.234
2026-08-13 06:30:00,6,30,3,1,0.9914448613738104,-0.1305261922200516,0.43388373911755823,-0.900968867902419,11.03,0,0.51,0.543
2026-08-13 06:35:00,6,35,3,1,0.9883615104677607,-0.1521233861899167,0.43388373911755823,-0.900968867902419,9.74,1,0.914,1.005
2026-08-13 06:40:00,6,40,3,1,0.984807753012208,-0.1736481776669303,0.43388373911755823,-0.900968867902419,8.35,1,1.234,0.0
2026-08-13 06:45:00,6,45,3,1,0.9807852804032304,-0.1950903220161282,0.43388373911755823,-0.900968867902419,4.33,0,0.543,0.0
2026-08-13 06:50:00,6,50,3,1,0.9762960071199334,-0.2164396139381028,0.43388373911755823,-0.900968867902419,14.33,2,1.005,1.045
2026-08-13 06:55:00,6,55,3,1,0.9713420698132614,-0.23768589232617318,0.43388373911755823,-0.900968867902419,4.85,1,0.0,0.085
2026-08-13 07:00:00,7,0,3,1,0.9659258262890683,-0.25881904510252063,0.43388373911755823,-0.900968867902419,3.92,1,0.0,0.996
2026-08-13 07:05:00,7,5,3,1,0.9600498543859287,-0.2798290140309919,0.43388373911755823,-0.900968867902419,14.8,2,1.045,0.637
2026-08-13 07:10:00,7,10,3,1,0.9537169507482269,-0.30070579950427295,0.43388373911755823,-0.900968867902419,2.52,1,0.085,0.65
2026-08-13 07:15:00,7,15,3,1,0.9469301294951057,-0.3214394653031616,0.43388373911755823,-0.900968867902419,10.76,1,0.996,0.742
2026-08-13 07:20:00,7,20,3,1,0.9396926207859084,-0.3420201433256685,0.43388373911755823,-0.900968867902419,9.89,0,0.637,0.613
2026-08-13 07:25:00,7,25,3,1,0.9320078692827986,-0.3624380382837016,0.43388373911755823,-0.900968867902419,11.81,1,0.65,0.414
2026-08-13 07:30:00,7,30,3,1,0.9238795325112868,-0.3826834323650895,0.43388373911755823,-0.900968867902419,8.63,1,0.742,1.057
2026-08-13 07:35:00,7,35,3,1,0.9153114791194472,-0.40274668985873713,0.43388373911755823,-0.900968867902419,11.07,2,0.613,0.564
2026-08-13 07:40:00,7,40,3,1,0.90630778703665,-0.42261826174069933,0.43388373911755823,-0.900968867902419,12.86,0,0.414,1.098
2026-08-13 07:45:00,7,45,3,1,0.8968727415326884,-0.44228869021900113,0.43388373911755823,-0.900968867902419,11.61,2,1.057,0.297
2026-08-13 07:50:00,7,50,3,1,0.8870108331782218,-0.4617486132350338,0.43388373911755823,-0.900968867902419,8.14,0,0.564,0.328
2026-08-13 07:55:00,7,55,3,1,0.8767267557075076,-0.48098876891938785,0.43388373911755823,-0.900968867902419,16.94,2,1.098,0.332
2026-08-13 08:00:00,8,0,3,1,0.8660254037844387,-0.4999999999999998,0.43388373911755823,-0.900968867902419,5.19,0,0.297,1.08
2026-08-13 08:05:00,8,5,3,1,0.8549118706729465,-0.5187732581605216,0.43388373911755823,-0.900968867902419,5.2,1,0.328,1.354
2026-08-13 08:10:00,8,10,3,1,0.8433914458128858,-0.5372996083468236,0.43388373911755823,-0.900968867902419,10.06,2,0.332,1.214
2026-08-13 08:15:00,8,15,3,1,0.8314696123025451,-0.5555702330196023,0.43388373911755823,-0.900968867902419,10.9,2,1.08,6.825
2026-08-13 08:20:00,8,20,3,1,0.8191520442889917,-0.5735764363510462,0.43388373911755823,-0.900968867902419,10.81,3,1.354,6.675
2026-08-13 08:25:00,8,25,3,1,0.8064446042674828,-0.5913096483635821,0.43388373911755823,-0.900968867902419,13.1,1,1.214,6.956
2026-08-13 08:30:00,8,30,3,1,0.7933533402912352,-0.6087614290087207,0.43388373911755823,-0.900968867902419,80.61,11,6.825,6.397
2026-08-13 08:35:00,8,35,3,1,0.7798844830928817,-0.6259234721840591,0.43388373911755823,-0.900968867902419,84.24,10,6.675,6.906
2026-08-13 08:40:00,8,40,3,1,0.7660444431189783,-0.642787609686539,0.43388373911755823,-0.900968867902419,82.38,10,6.956,7.416
2026-08-13 08:45:00,8,45,3,1,0.7518398074789774,-0.6593458151000688,0.43388373911755823,-0.900968867902419,86.57,9,6.397,7.03
2026-08-13 08:50:00,8,50,3,1,0.7372773368101241,-0.6755902076156602,0.43388373911755823,-0.900968867902419,84.75,11,6.906,7.937
2026-08-13 08:55:00,8,55,3,1,0.7223639620597556,-0.6915130557822693,0.43388373911755823,-0.900968867902419,90.51,12,7.416,6.929
2026-08-13 09:00:00,9,0,3,1,0.7071067811865476,-0.7071067811865475,0.43388373911755823,-0.900968867902419,84.67,11,7.03,6.908
2026-08-13 09:05:00,9,5,3,1,0.6915130557822694,-0.7223639620597555,0.43388373911755823,-0.900968867902419,95.2,12,7.937,6.86
2026-08-13 09:10:00,9,10,3,1,0.6755902076156604,-0.737277336810124,0.43388373911755823,-0.900968867902419,84.47,10,6.929,7.047
2026-08-13 09:15:00,9,15,3,1,0.659345815100069,-0.7518398074789773,0.43388373911755823,-0.900968867902419,81.61,10,6.908,8.0
2026-08-13 09:20:00,9,20,3,1,0.6427876096865391,-0.7660444431189782,0.43388373911755823,-0.900968867902419,90.29,12,6.86,7.216
2026-08-13 09:25:00,9,25,3,1,0.6259234721840592,-0.7798844830928817,0.43388373911755823,-0.900968867902419,88.93,10,7.047,7.312
2026-08-13 09:30:00,9,30,3,1,0.6087614290087209,-0.793353340291235,0.43388373911755823,-0.900968867902419,97.19,12,8.0,7.51
2026-08-13 09:35:00,9,35,3,1,0.5913096483635822,-0.8064446042674827,0.43388373911755823,-0.900968867902419,92.1,12,7.216,7.462
2026-08-13 09:40:00,9,40,3,1,0.5735764363510464,-0.8191520442889916,0.43388373911755823,-0.900968867902419,86.46,10,7.312,7.742
2026-08-13 09:45:00,9,45,3,1,0.5555702330196025,-0.831469612302545,0.43388373911755823,-0.900968867902419,93.76,12,7.51,7.554
2026-08-13 09:50:00,9,50,3,1,0.5372996083468238,-0.8433914458128857,0.43388373911755823,-0.900968867902419,95.16,11,7.462,7.415
2026-08-13 09:55:00,9,55,3,1,0.5187732581605218,-0.8549118706729464,0.43388373911755823,-0.900968867902419,95.11,11,7.742,7.861
2026-08-13 10:00:00,10,0,3,1,0.49999999999999994,-0.8660254037844387,0.43388373911755823,-0.900968867902419,90.92,12,7.554,7.598
2026-08-13 10:05:00,10,5,3,1,0.48098876891938763,-0.8767267557075077,0.43388373911755823,-0.900968867902419,92.42,11,7.415,6.709
2026-08-13 10:10:00,10,10,3,1,0.4617486132350339,-0.8870108331782217,0.43388373911755823,-0.900968867902419,96.5,11,7.861,7.472
2026-08-13 10:15:00,10,15,3,1,0.4422886902190017,-0.8968727415326881,0.43388373911755823,-0.900968867902419,97.03,12,7.598,6.397
2026-08-13 10:20:00,10,20,3,1,0.4226182617406995,-0.9063077870366499,0.43388373911755823,-0.900968867902419,86.15,11,6.709,6.887
2026-08-13 10:25:00,10,25,3,1,0.4027466898587373,-0.9153114791194471,0.43388373911755823,-0.900968867902419,96.3,11,7.472,7.838
2026-08-13 10:30:00,10,30,3,1,0.3826834323650899,-0.9238795325112867,0.43388373911755823,-0.900968867902419,81.36,9,6.397,6.893
2026-08-13 10:35:00,10,35,3,1,0.36243803828370136,-0.9320078692827987,0.43388373911755823,-0.900968867902419,94.98,10,6.887,7.455
2026-08-13 10:40:00,10,40,3,1,0.3420201433256689,-0.9396926207859083,0.43388373911755823,-0.900968867902419,96.81,12,7.838,6.933
2026-08-13 10:45:00,10,45,3,1,0.32143946530316175,-0.9469301294951056,0.43388373911755823,-0.900968867902419,88.77,10,6.893,6.811
2026-08-13 10:50:00,10,50,3,1,0.30070579950427334,-0.9537169507482268,0.43388373911755823,-0.900968867902419,96.43,11,7.455,6.329
2026-08-13 10:55:00,10,55,3,1,0.2798290140309927,-0.9600498543859285,0.43388373911755823,-0.900968867902419,88.22,11,6.933,7.277
2026-08-13 11:00:00,11,0,3,1,0.258819045102521,-0.9659258262890682,0.43388373911755823,-0.900968867902419,82.23,12,6.811,6.258
2026-08-13 11:05:00,11,5,3,1,0.23768589232617293,-0.9713420698132614,0.43388373911755823,-0.900968867902419,84.46,9,6.329,6.494
2026-08-13 11:10:00,11,10,3,1,0.21643961393810318,-0.9762960071199333,0.43388373911755823,-0.900968867902419,89.03,11,7.277,7.033
2026-08-13 11:15:00,11,15,3,1,0.19509032201612816,-0.9807852804032304,0.43388373911755823,-0.900968867902419,79.47,10,6.258,6.483
2026-08-13 11:20:00,11,20,3,1,0.17364817766693028,-0.984807753012208,0.43388373911755823,-0.900968867902419,77.82,9,6.494,0.909
2026-08-13 11:25:00,11,25,3,1,0.15212338618991708,-0.9883615104677607,0.43388373911755823,-0.900968867902419,83.73,10,7.033,0.463
2026-08-13 11:30:00,11,30,3,1,0.130526192220052,-0.9914448613738104,0.43388373911755823,-0.900968867902419,78.36,9,6.483,0.987
2026-08-13 11:35:00,11,35,3,1,0.10886687485196457,-0.9940563382223196,0.43388373911755823,-0.900968867902419,4.74,1,0.909,0.292
2026-08-13 11:40:00,11,40,3,1,0.0871557427476582,-0.9961946980917455,0.43388373911755823,-0.900968867902419,12.85,1,0.463,1.223
2026-08-13 11:45:00,11,45,3,1,0.06540312923014312,-0.9978589232386035,0.43388373911755823,-0.900968867902419,10.74,2,0.987,4.395
2026-08-13 11:50:00,11,50,3,1,0.043619387365335625,-0.9990482215818578,0.43388373911755823,-0.900968867902419,6.19,1,0.292,4.37
2026-08-13 11:55:00,11,55,3,1,0.021814885034561218,-0.9997620270799091,0.43388373911755823,-0.900968867902419,13.6,1,1.223,3.664
2026-08-13 12:00:00,12,0,3,1,1.2246467991473532e-16,-1.0,0.43388373911755823,-0.900968867902419,48.61,6,4.395,3.491
2026-08-13 12:05:00,12,5,3,1,-0.021814885034560975,-0.9997620270799091,0.43388373911755823,-0.900968867902419,47.94,6,4.37,3.394
2026-08-13 12:10:00,12,10,3,1,-0.04361938736533538,-0.9990482215818578,0.43388373911755823,-0.900968867902419,48.67,5,3.664,3.704
2026-08-13 12:15:00,12,15,3,1,-0.06540312923014287,-0.9978589232386035,0.43388373911755823,-0.900968867902419,40.8,6,3.491,3.693
2026-08-13 12:20:00,12,20,3,1,-0.08715574274765794,-0.9961946980917455,0.43388373911755823,-0.900968867902419,46.14,6,3.394,3.831
2026-08-13 12:25:00,12,25,3,1,-0.10886687485196432,-0.9940563382223196,0.43388373911755823,-0.900968867902419,41.61,5,3.704,3.164
2026-08-13 12:30:00,12,30,3,1,-0.13052619222005177,-0.9914448613738104,0.43388373911755823,-0.900968867902419,44.16,5,3.693,3.94
2026-08-13 12:35:00,12,35,3,1,-0.15212338618991683,-0.9883615104677607,0.43388373911755823,-0.900968867902419,40.72,5,3.831,3.353
2026-08-13 12:40:00,12,40,3,1,-0.17364817766693003,-0.9848077530122081,0.43388373911755823,-0.900968867902419,42.82,6,3.164,3.384
2026-08-13 12:45:00,12,45,3,1,-0.19509032201612792,-0.9807852804032305,0.43388373911755823,-0.900968867902419,45.74,5,3.94,3.521
2026-08-13 12:50:00,12,50,3,1,-0.21643961393810293,-0.9762960071199334,0.43388373911755823,-0.900968867902419,41.91,5,3.353,5.924
2026-08-13 12:55:00,12,55,3,1,-0.2376858923261727,-0.9713420698132615,0.43388373911755823,-0.900968867902419,38.33,6,3.384,5.446
2026-08-13 13:00:00,13,0,3,1,-0.2588190451025208,-0.9659258262890683,0.43388373911755823,-0.900968867902419,46.77,5,3.521,5.193
2026-08-13 13:05:00,13,5,3,1,-0.2798290140309925,-0.9600498543859286,0.43388373911755823,-0.900968867902419,73.13,10,5.924,5.365
2026-08-13 13:10:00,13,10,3,1,-0.30070579950427306,-0.9537169507482269,0.43388373911755823,-0.900968867902419,67.52,8,5.446,5.013
2026-08-13 13:15:00,13,15,3,1,-0.32143946530316153,-0.9469301294951057,0.43388373911755823,-0.900968867902419,69.17,8,5.193,5.29
2026-08-13 13:20:00,13,20,3,1,-0.34202014332566866,-0.9396926207859084,0.43388373911755823,-0.900968867902419,71.74,8,5.365,5.985
2026-08-13 13:25:00,13,25,3,1,-0.36243803828370114,-0.9320078692827987,0.43388373911755823,-0.900968867902419,64.07,7,5.013,4.883
2026-08-13 13:30:00,13,30,3,1,-0.38268343236508967,-0.9238795325112868,0.43388373911755823,-0.900968867902419,65.05,7,5.29,5.978
2026-08-13 13:35:00,13,35,3,1,-0.4027466898587371,-0.9153114791194472,0.43388373911755823,-0.900968867902419,72.11,8,5.985,5.333
2026-08-13 13:40:00,13,40,3,1,-0.4226182617406993,-0.90630778703665,0.43388373911755823,-0.900968867902419,63.88,7,4.883,5.613
2026-08-13 13:45:00,13,45,3,1,-0.44228869021900147,-0.8968727415326883,0.43388373911755823,-0.900968867902419,74.22,9,5.978,5.501
2026-08-13 13:50:00,13,50,3,1,-0.46174861323503413,-0.8870108331782216,0.43388373911755823,-0.900968867902419,66.55,7,5.333,5.776
2026-08-13 13:55:00,13,55,3,1,-0.4809887689193874,-0.8767267557075078,0.43388373911755823,-0.900968867902419,76.12,8,5.613,6.245
2026-08-13 14:00:00,14,0,3,1,-0.4999999999999997,-0.8660254037844388,0.43388373911755823,-0.900968867902419,69.56,8,5.501,5.014
2026-08-13 14:05:00,14,5,3,1,-0.5187732581605216,-0.8549118706729465,0.43388373911755823,-0.900968867902419,71.17,8,5.776,5.421
2026-08-13 14:10:00,14,10,3,1,-0.5372996083468236,-0.8433914458128858,0.43388373911755823,-0.900968867902419,76.8,9,6.245,6.587
2026-08-13 14:15:00,14,15,3,1,-0.555570233019602,-0.8314696123025455,0.43388373911755823,-0.900968867902419,68.8,8,5.014,6.172
2026-08-13 14:20:00,14,20,3,1,-0.5735764363510458,-0.819152044288992,0.43388373911755823,-0.900968867902419,69.26,9,5.421,5.202
2026-08-13 14:25:00,14,25,3,1,-0.5913096483635824,-0.8064446042674825,0.43388373911755823,-0.900968867902419,79.7,10,6.587,5.726
2026-08-13 14:30:00,14,30,3,1,-0.6087614290087207,-0.7933533402912352,0.43388373911755823,-0.900968867902419,73.09,10,6.172,6.538
2026-08-13 14:35:00,14,35,3,1,-0.6259234721840591,-0.7798844830928818,0.43388373911755823,-0.900968867902419,71.55,8,5.202,5.722
2026-08-13 14:40:00,14,40,3,1,-0.6427876096865389,-0.7660444431189783,0.43388373911755823,-0.900968867902419,72.48,9,5.726,5.776
2026-08-13 14:45:00,14,45,3,1,-0.6593458151000688,-0.7518398074789774,0.43388373911755823,-0.900968867902419,84.13,9,6.538,6.586
2026-08-13 14:50:00,14,50,3,1,-0.6755902076156601,-0.7372773368101241,0.43388373911755823,-0.900968867902419,74.92,8,5.722,5.801
2026-08-13 14:55:00,14,55,3,1,-0.691513055782269,-0.722363962059756,0.43388373911755823,-0.900968867902419,76.97,9,5.776,6.136
2026-08-13 15:00:00,15,0,3,1,-0.7071067811865471,-0.7071067811865479,0.43388373911755823,-0.900968867902419,82.39,9,6.586,5.906
2026-08-13 15:05:00,15,5,3,1,-0.7223639620597557,-0.6915130557822692,0.43388373911755823,-0.900968867902419,78.31,10,5.801,6.149
2026-08-13 15:10:00,15,10,3,1,-0.7372773368101239,-0.6755902076156604,0.43388373911755823,-0.900968867902419,71.57,10,6.136,5.832
2026-08-13 15:15:00,15,15,3,1,-0.7518398074789773,-0.6593458151000691,0.43388373911755823,-0.900968867902419,77.27,8,5.906,6.039
2026-08-13 15:20:00,15,20,3,1,-0.7660444431189779,-0.6427876096865395,0.43388373911755823,-0.900968867902419,77.77,9,6.149,6.385
2026-08-13 15:25:00,15,25,3,1,-0.7798844830928814,-0.6259234721840596,0.43388373911755823,-0.900968867902419,73.49,9,5.832,5.772
2026-08-13 15:30:00,15,30,3,1,-0.7933533402912349,-0.6087614290087209,0.43388373911755823,-0.900968867902419,79.89,9,6.039,5.784
2026-08-13 15:35:00,15,35,3,1,-0.8064446042674827,-0.5913096483635822,0.43388373911755823,-0.900968867902419,73.85,9,6.385,5.835
2026-08-13 15:40:00,15,40,3,1,-0.8191520442889916,-0.5735764363510464,0.43388373911755823,-0.900968867902419,75.82,9,5.772,5.097
2026-08-13 15:45:00,15,45,3,1,-0.8314696123025452,-0.5555702330196022,0.43388373911755823,-0.900968867902419,74.15,8,5.784,6.181
2026-08-13 15:50:00,15,50,3,1,-0.8433914458128859,-0.5372996083468234,0.43388373911755823,-0.900968867902419,76.61,9,5.835,6.306
2026-08-13 15:55:00,15,55,3,1,-0.8549118706729466,-0.5187732581605214,0.43388373911755823,-0.900968867902419,70.05,7,5.097,6.098
2026-08-13 16:00:00,16,0,3,1,-0.8660254037844385,-0.5000000000000004,0.43388373911755823,-0.900968867902419,73.66,9,6.181,6.532
2026-08-13 16:05:00,16,5,3,1,-0.8767267557075072,-0.48098876891938847,0.43388373911755823,-0.900968867902419,71.5,10,6.306,5.047
2026-08-13 16:10:00,16,10,3,1,-0.8870108331782218,-0.4617486132350336,0.43388373911755823,-0.900968867902419,75.74,9,6.098,5.406
2026-08-13 16:15:00,16,15,3,1,-0.8968727415326883,-0.44228869021900136,0.43388373911755823,-0.900968867902419,83.69,9,6.532,5.669
2026-08-13 16:20:00,16,20,3,1,-0.9063077870366497,-0.42261826174069994,0.43388373911755823,-0.900968867902419,66.93,7,5.047,6.198
2026-08-13 16:25:00,16,25,3,1,-0.9153114791194471,-0.40274668985873735,0.43388373911755823,-0.900968867902419,68.92,9,5.406,6.271
2026-08-13 16:30:00,16,30,3,1,-0.9238795325112868,-0.3826834323650895,0.43388373911755823,-0.900968867902419,73.41,8,5.669,6.083
2026-08-13 16:35:00,16,35,3,1,-0.9320078692827984,-0.3624380382837018,0.43388373911755823,-0.900968867902419,73.62,9,6.198,5.357
2026-08-13 16:40:00,16,40,3,1,-0.9396926207859084,-0.34202014332566855,0.43388373911755823,-0.900968867902419,73.17,9,6.271,5.919
2026-08-13 16:45:00,16,45,3,1,-0.9469301294951056,-0.3214394653031618,0.43388373911755823,-0.900968867902419,75.52,9,6.083,6.15
2026-08-13 16:50:00,16,50,3,1,-0.9537169507482267,-0.3007057995042738,0.43388373911755823,-0.900968867902419,68.61,8,5.357,6.241
2026-08-13 16:55:00,16,55,3,1,-0.9600498543859286,-0.27982901403099236,0.43388373911755823,-0.900968867902419,79.18,8,5.919,5.535
2026-08-13 17:00:00,17,0,3,1,-0.9659258262890683,-0.25881904510252063,0.43388373911755823,-0.900968867902419,75.69,9,6.15,4.943
2026-08-13 17:05:00,17,5,3,1,-0.9713420698132613,-0.23768589232617343,0.43388373911755823,-0.900968867902419,79.53,11,6.241,5.727
2026-08-13 17:10:00,17,10,3,1,-0.9762960071199334,-0.21643961393810282,0.43388373911755823,-0.900968867902419,72.24,8,5.535,5.15
2026-08-13 17:15:00,17,15,3,1,-0.9807852804032303,-0.19509032201612866,0.43388373911755823,-0.900968867902419,71.28,7,4.943,5.501
2026-08-13 17:20:00,17,20,3,1,-0.9848077530122079,-0.1736481776669312,0.43388373911755823,-0.900968867902419,69.81,8,5.727,5.738
2026-08-13 17:25:00,17,25,3,1,-0.9883615104677608,-0.15212338618991628,0.43388373911755823,-0.900968867902419,65.88,7,5.15,4.838
2026-08-13 17:30:00,17,30,3,1,-0.9914448613738104,-0.13052619222005163,0.43388373911755823,-0.900968867902419,63.03,8,5.501,5.587
2026-08-13 17:35:00,17,35,3,1,-0.9940563382223195,-0.10886687485196507,0.43388373911755823,-0.900968867902419,70.95,8,5.738,5.481
2026-08-13 17:40:00,17,40,3,1,-0.9961946980917455,-0.08715574274765825,0.43388373911755823,-0.900968867902419,65.91,7,4.838,5.714
2026-08-13 17:45:00,17,45,3,1,-0.9978589232386035,-0.06540312923014273,0.43388373911755823,-0.900968867902419,68.27,8,5.587,5.338
2026-08-13 17:50:00,17,50,3,1,-0.9990482215818578,-0.04361938736533613,0.43388373911755823,-0.900968867902419,70.61,8,5.481,0.522
2026-08-13 17:55:00,17,55,3,1,-0.9997620270799091,-0.021814885034560836,0.43388373911755823,-0.900968867902419,67.3,9,5.714,1.414
2026-08-13 18:00:00,18,0,3,1,-1.0,-1.8369701987210297e-16,0.43388373911755823,-0.900968867902419,67.09,8,5.338,0.68
2026-08-13 18:05:00,18,5,3,1,-0.9997620270799091,0.021814885034560468,0.43388373911755823,-0.900968867902419,4.62,1,0.522,0.348
2026-08-13 18:10:00,18,10,3,1,-0.9990482215818578,0.043619387365335764,0.43388373911755823,-0.900968867902419,15.6,2,1.414,0.271
2026-08-13 18:15:00,18,15,3,1,-0.9978589232386036,0.06540312923014237,0.43388373911755823,-0.900968867902419,12.78,1,0.68,0.142
2026-08-13 18:20:00,18,20,3,1,-0.9961946980917455,0.08715574274765789,0.43388373911755823,-0.900968867902419,5.13,0,0.348,1.036
2026-08-13 18:25:00,18,25,3,1,-0.9940563382223196,0.10886687485196471,0.43388373911755823,-0.900968867902419,8.09,0,0.271,0.57
2026-08-13 18:30:00,18,30,3,1,-0.9914448613738105,0.13052619222005127,0.43388373911755823,-0.900968867902419,11.14,0,0.142,1.912
2026-08-13 18:35:00,18,35,3,1,-0.9883615104677609,0.15212338618991592,0.43388373911755823,-0.900968867902419,14.36,1,1.036,0.455
2026-08-13 18:40:00,18,40,3,1,-0.984807753012208,0.17364817766693083,0.43388373911755823,-0.900968867902419,7.09,0,0.57,0.589
2026-08-13 18:45:00,18,45,3,1,-0.9807852804032304,0.1950903220161283,0.43388373911755823,-0.900968867902419,16.78,3,1.912,0.312
2026-08-13 18:50:00,18,50,3,1,-0.9762960071199335,0.21643961393810246,0.43388373911755823,-0.900968867902419,10.7,1,0.455,0.481
2026-08-13 18:55:00,18,55,3,1,-0.9713420698132614,0.23768589232617307,0.43388373911755823,-0.900968867902419,8.18,0,0.589,0.975
2026-08-13 19:00:00,19,0,3,1,-0.9659258262890684,0.2588190451025203,0.43388373911755823,-0.900968867902419,3.45,0,0.312,0.665
2026-08-13 19:05:00,19,5,3,1,-0.9600498543859287,0.279829014030992,0.43388373911755823,-0.900968867902419,13.91,0,0.481,0.988
2026-08-13 19:10:00,19,10,3,1,-0.9537169507482268,0.30070579950427345,0.43388373911755823,-0.900968867902419,5.55,1,0.975,0.184
2026-08-13 19:15:00,19,15,3,1,-0.9469301294951057,0.3214394653031615,0.43388373911755823,-0.900968867902419,8.55,0,0.665,0.798
2026-08-13 19:20:00,19,20,3,1,-0.9396926207859085,0.34202014332566816,0.43388373911755823,-0.900968867902419,10.44,2,0.988,1.047
2026-08-13 19:25:00,19,25,3,1,-0.9320078692827986,0.36243803828370147,0.43388373911755823,-0.900968867902419,4.42,0,0.184,0.119
2026-08-13 19:30:00,19,30,3,1,-0.923879532511287,0.38268343236508917,0.43388373911755823,-0.900968867902419,11.98,2,0.798,0.83
2026-08-13 19:35:00,19,35,3,1,-0.9153114791194472,0.402746689858737,0.43388373911755823,-0.900968867902419,13.26,1,1.047,0.0
2026-08-13 19:40:00,19,40,3,1,-0.9063077870366498,0.4226182617406996,0.43388373911755823,-0.900968867902419,6.41,2,0.119,0.932
2026-08-13 19:45:00,19,45,3,1,-0.8968727415326884,0.442288690219001,0.43388373911755823,-0.900968867902419,10.18,1,0.83,4.869
2026-08-13 19:50:00,19,50,3,1,-0.887010833178222,0.46174861323503325,0.43388373911755823,-0.900968867902419,3.89,1,0.0,4.273
2026-08-13 19:55:00,19,55,3,1,-0.8767267557075075,0.48098876891938813,0.43388373911755823,-0.900968867902419,7.61,2,0.932,4.024
2026-08-13 20:00:00,20,0,3,1,-0.8660254037844386,0.5000000000000001,0.43388373911755823,-0.900968867902419,59.8,9,4.869,4.58
2026-08-13 20:05:00,20,5,3,1,-0.8549118706729468,0.5187732581605211,0.43388373911755823,-0.900968867902419,51.82,6,4.273,4.487
2026-08-13 20:10:00,20,10,3,1,-0.8433914458128857,0.5372996083468239,0.43388373911755823,-0.900968867902419,46.16,6,4.024,3.498
2026-08-13 20:15:00,20,15,3,1,-0.8314696123025455,0.5555702330196018,0.43388373911755823,-0.900968867902419,51.14,6,4.58,4.101
2026-08-13 20:20:00,20,20,3,1,-0.8191520442889918,0.573576436351046,0.43388373911755823,-0.900968867902419,60.47,6,4.487,5.549
2026-08-13 20:25:00,20,25,3,1,-0.8064446042674829,0.591309648363582,0.43388373911755823,-0.900968867902419,47.67,5,3.498,4.598
2026-08-13 20:30:00,20,30,3,1,-0.7933533402912357,0.6087614290087199,0.43388373911755823,-0.900968867902419,50.28,6,4.101,4.358
2026-08-13 20:35:00,20,35,3,1,-0.7798844830928816,0.6259234721840593,0.43388373911755823,-0.900968867902419,63.38,8,5.549,4.859
2026-08-13 20:40:00,20,40,3,1,-0.7660444431189781,0.6427876096865393,0.43388373911755823,-0.900968867902419,59.82,6,4.598,4.089
2026-08-13 20:45:00,20,45,3,1,-0.7518398074789772,0.6593458151000691,0.43388373911755823,-0.900968867902419,58.52,6,4.358,5.264
2026-08-13 20:50:00,20,50,3,1,-0.7372773368101242,0.6755902076156601,0.43388373911755823,-0.900968867902419,57.63,8,4.859,4.331
2026-08-13 20:55:00,20,55,3,1,-0.7223639620597554,0.6915130557822695,0.43388373911755823,-0.900968867902419,53.41,6,4.089,4.642
2026-08-13 21:00:00,21,0,3,1,-0.7071067811865477,0.7071067811865474,0.43388373911755823,-0.900968867902419,56.39,7,5.264,4.096
2026-08-13 21:05:00,21,5,3,1,-0.6915130557822698,0.7223639620597551,0.43388373911755823,-0.900968867902419,54.99,6,4.331,3.832
2026-08-13 21:10:00,21,10,3,1,-0.6755902076156598,0.7372773368101244,0.43388373911755823,-0.900968867902419,57.56,6,4.642,4.755
2026-08-13 21:15:00,21,15,3,1,-0.6593458151000687,0.7518398074789775,0.43388373911755823,-0.900968867902419,51.44,7,4.096,4.698
2026-08-13 21:20:00,21,20,3,1,-0.6427876096865396,0.7660444431189778,0.43388373911755823,-0.900968867902419,57.32,6,3.832,3.98
2026-08-13 21:25:00,21,25,3,1,-0.625923472184059,0.7798844830928818,0.43388373911755823,-0.900968867902419,58.74,7,4.755,3.819
2026-08-13 21:30:00,21,30,3,1,-0.608761429008721,0.7933533402912349,0.43388373911755823,-0.900968867902419,53.81,9,4.698,4.461
2026-08-13 21:35:00,21,35,3,1,-0.591309648363583,0.8064446042674821,0.43388373911755823,-0.900968867902419,52.71,5,3.98,3.952
2026-08-13 21:40:00,21,40,3,1,-0.5735764363510465,0.8191520442889916,0.43388373911755823,-0.900968867902419,51.74,5,3.819,4.678
2026-08-13 21:45:00,21,45,3,1,-0.555570233019603,0.8314696123025447,0.43388373911755823,-0.900968867902419,48.78,7,4.461,5.183
2026-08-13 21:50:00,21,50,3,1,-0.537299608346825,0.8433914458128849,0.43388373911755823,-0.900968867902419,49.04,5,3.952,4.693
2026-08-13 21:55:00,21,55,3,1,-0.5187732581605214,0.8549118706729466,0.43388373911755823,-0.900968867902419,59.96,7,4.678,4.391
2026-08-13 22:00:00,22,0,3,1,-0.5000000000000004,0.8660254037844384,0.43388373911755823,-0.900968867902419,60.35,9,5.183,4.439
2026-08-13 22:05:00,22,5,3,1,-0.48098876891938774,0.8767267557075077,0.43388373911755823,-0.900968867902419,64.21,8,4.693,4.139
2026-08-13 22:10:00,22,10,3,1,-0.46174861323503363,0.8870108331782218,0.43388373911755823,-0.900968867902419,51.11,7,4.391,4.265
2026-08-13 22:15:00,22,15,3,1,-0.4422886902190014,0.8968727415326883,0.43388373911755823,-0.900968867902419,56.34,6,4.439,3.634
2026-08-13 22:20:00,22,20,3,1,-0.4226182617407,0.9063077870366497,0.43388373911755823,-0.900968867902419,53.1,7,4.139,4.444
2026-08-13 22:25:00,22,25,3,1,-0.40274668985873663,0.9153114791194474,0.43388373911755823,-0.900968867902419,50.47,7,4.265,4.842
2026-08-13 22:30:00,22,30,3,1,-0.38268343236508956,0.9238795325112868,0.43388373911755823,-0.900968867902419,51.77,5,3.634,4.276
2026-08-13 22:35:00,22,35,3,1,-0.36243803828370186,0.9320078692827984,0.43388373911755823,-0.900968867902419,55.14,7,4.444,3.969
2026-08-13 22:40:00,22,40,3,1,-0.3420201433256686,0.9396926207859084,0.43388373911755823,-0.900968867902419,57.77,9,4.842,4.723
2026-08-13 22:45:00,22,45,3,1,-0.32143946530316186,0.9469301294951056,0.43388373911755823,-0.900968867902419,56.53,7,4.276,3.716
2026-08-13 22:50:00,22,50,3,1,-0.30070579950427384,0.9537169507482267,0.43388373911755823,-0.900968867902419,55.09,5,3.969,4.458
2026-08-13 22:55:00,22,55,3,1,-0.2798290140309924,0.9600498543859286,0.43388373911755823,-0.900968867902419,62.59,8,4.723,4.615
2026-08-13 23:00:00,23,0,3,1,-0.25881904510252157,0.9659258262890681,0.43388373911755823,-0.900968867902419,48.83,5,3.716,4.498
2026-08-13 23:05:00,23,5,3,1,-0.23768589232617435,0.9713420698132611,0.43388373911755823,-0.900968867902419,55.44,6,4.458,4.174
2026-08-13 23:10:00,23,10,3,1,-0.21643961393810288,0.9762960071199334,0.43388373911755823,-0.900968867902419,56.69,7,4.615,3.806
2026-08-13 23:15:00,23,15,3,1,-0.19509032201612872,0.9807852804032303,0.43388373911755823,-0.900968867902419,54.51,6,4.498,4.346
2026-08-13 23:20:00,23,20,3,1,-0.1736481776669304,0.984807753012208,0.43388373911755823,-0.900968867902419,54.91,6,4.174,3.776
2026-08-13 23:25:00,23,25,3,1,-0.1521233861899172,0.9883615104677607,0.43388373911755823,-0.900968867902419,51.76,7,3.806,4.066
2026-08-13 23:30:00,23,30,3,1,-0.13052619222005168,0.9914448613738104,0.43388373911755823,-0.900968867902419,52.74,8,4.346,4.461
2026-08-13 23:35:00,23,35,3,1,-0.10886687485196514,0.9940563382223195,0.43388373911755823,-0.900968867902419,55.03,6,3.776,4.534
2026-08-13 23:40:00,23,40,3,1,-0.08715574274765743,0.9961946980917455,0.43388373911755823,-0.900968867902419,53.56,8,4.066,4.991
2026-08-13 23:45:00,23,45,3,1,-0.0654031292301428,0.9978589232386035,0.43388373911755823,-0.900968867902419,54.48,7,4.461,0.801
2026-08-13 23:50:00,23,50,3,1,-0.043619387365336194,0.9990482215818578,0.43388373911755823,-0.900968867902419,58.27,6,4.534,1.277
2026-08-13 23:55:00,23,55,3,1,-0.0218148850345609,0.9997620270799091,0.43388373911755823,-0.900968867902419,59.12,8,4.991,0.808
2026-08-14 00:00:00,0,0,4,1,0.0,1.0,-0.433883739117558,-0.9009688679024191,9.74,1,0.801,0.738
2026-08-14 00:05:00,0,5,4,1,0.02181488503456112,0.9997620270799091,-0.433883739117558,-0.9009688679024191,9.19,2,1.277,1.213
2026-08-14 00:10:00,0,10,4,1,0.043619387365336,0.9990482215818578,-0.433883739117558,-0.9009688679024191,11.36,1,0.808,1.507
2026-08-14 00:15:00,0,15,4,1,0.06540312923014306,0.9978589232386035,-0.433883739117558,-0.9009688679024191,12.41,1,0.738,1.098
2026-08-14 00:20:00,0,20,4,1,0.08715574274765817,0.9961946980917455,-0.433883739117558,-0.9009688679024191,6.56,3,1.213,1.032
2026-08-14 00:25:00,0,25,4,1,0.10886687485196457,0.9940563382223196,-0.433883739117558,-0.9009688679024191,14.87,2,1.507,0.879
2026-08-14 00:30:00,0,30,4,1,0.13052619222005157,0.9914448613738104,-0.433883739117558,-0.9009688679024191,11.45,1,1.098,0.9
2026-08-14 00:35:00,0,35,4,1,0.15212338618991672,0.9883615104677607,-0.433883739117558,-0.9009688679024191,13.73,1,1.032,0.948
2026-08-14 00:40:00,0,40,4,1,0.17364817766693033,0.984807753012208,-0.433883739117558,-0.9009688679024191,10.29,2,0.879,0.0
2026-08-14 00:45:00,0,45,4,1,0.19509032201612825,0.9807852804032304,-0.433883739117558,-0.9009688679024191,13.99,1,0.9,1.077
2026-08-14 00:50:00,0,50,4,1,0.21643961393810288,0.9762960071199334,-0.433883739117558,-0.9009688679024191,11.7,1,0.948,0.443
2026-08-14 00:55:00,0,55,4,1,0.23768589232617307,0.9713420698132614,-0.433883739117558,-0.9009688679024191,4.53,0,0.0,0.7
2026-08-14 01:00:00,1,0,4,1,0.25881904510252074,0.9659258262890683,-0.433883739117558,-0.9009688679024191,14.05,1,1.077,0.0
2026-08-14 01:05:00,1,5,4,1,0.27982901403099203,0.9600498543859287,-0.433883739117558,-0.9009688679024191,5.45,1,0.443,1.28
2026-08-14 01:10:00,1,10,4,1,0.3007057995042732,0.9537169507482269,-0.433883739117558,-0.9009688679024191,10.86,1,0.7,0.185
2026-08-14 01:15:00,1,15,4,1,0.3214394653031616,0.9469301294951057,-0.433883739117558,-0.9009688679024191,3.45,1,0.0,0.585
2026-08-14 01:20:00,1,20,4,1,0.3420201433256687,0.9396926207859084,-0.433883739117558,-0.9009688679024191,11.99,1,1.28,0.913
2026-08-14 01:25:00,1,25,4,1,0.36243803828370164,0.9320078692827986,-0.433883739117558,-0.9009688679024191,3.38,1,0.185,0.277
2026-08-14 01:30:00,1,30,4,1,0.3826834323650898,0.9238795325112867,-0.433883739117558,-0.9009688679024191,13.59,1,0.585,1.157
2026-08-14 01:35:00,1,35,4,1,0.40274668985873724,0.9153114791194471,-0.433883739117558,-0.9009688679024191,9.09,1,0.913,0.953
2026-08-14 01:40:00,1,40,4,1,0.4226182617406994,0.9063077870366499,-0.433883739117558,-0.9009688679024191,8.52,0,0.277,0.498
2026-08-14 01:45:00,1,45,4,1,0.44228869021900125,0.8968727415326884,-0.433883739117558,-0.9009688679024191,11.92,1,1.157,0.815
2026-08-14 01:50:00,1,50,4,1,0.46174861323503397,0.8870108331782217,-0.433883739117558,-0.9009688679024191,11.29,1,0.953,1.066
2026-08-14 01:55:00,1,55,4,1,0.48098876891938763,0.8767267557075077,-0.433883739117558,-0.9009688679024191,10.14,0,0.498,1.228
2026-08-14 02:00:00,2,0,4,1,0.49999999999999994,0.8660254037844387,-0.433883739117558,-0.9009688679024191,15.72,2,0.815,0.882
2026-08-14 02:05:00,2,5,4,1,0.5187732581605214,0.8549118706729466,-0.433883739117558,-0.9009688679024191,15.01,1,1.066,0.392
2026-08-14 02:10:00,2,10,4,1,0.5372996083468238,0.8433914458128857,-0.433883739117558,-0.9009688679024191,17.62,1,1.228,0.879
2026-08-14 02:15:00,2,15,4,1,0.5555702330196022,0.8314696123025452,-0.433883739117558,-0.9009688679024191,11.11,1,0.882,0.19
2026-08-14 02:20:00,2,20,4,1,0.5735764363510462,0.8191520442889918,-0.433883739117558,-0.9009688679024191,10.99,2,0.392,0.223
2026-08-14 02:25:00,2,25,4,1,0.5913096483635824,0.8064446042674827,-0.433883739117558,-0.9009688679024191,6.1,1,0.879,0.375
2026-08-14 02:30:00,2,30,4,1,0.6087614290087207,0.7933533402912352,-0.433883739117558,-0.9009688679024191,4.32,1,0.19,1.004
2026-08-14 02:35:00,2,35,4,1,0.6259234721840591,0.7798844830928818,-0.433883739117558,-0.9009688679024191,5.74,0,0.223,0.475
2026-08-14 02:40:00,2,40,4,1,0.6427876096865393,0.766044443118978,-0.433883739117558,-0.9009688679024191,2.92,0,0.375,0.144
2026-08-14 02:45:00,2,45,4,1,0.6593458151000688,0.7518398074789774,-0.433883739117558,-0.9009688679024191,13.68,2,1.004,0.783
2026-08-14 02:50:00,2,50,4,1,0.6755902076156602,0.7372773368101241,-0.433883739117558,-0.9009688679024191,7.11,1,0.475,0.611
2026-08-14 02:55:00,2,55,4,1,0.6915130557822694,0.7223639620597556,-0.433883739117558,-0.9009688679024191,5.77,0,0.144,1.249
2026-08-14 03:00:00,3,0,4,1,0.7071067811865476,0.7071067811865476,-0.433883739117558,-0.9009688679024191,11.86,1,0.783,0.801
2026-08-14 03:05:00,3,5,4,1,0.7223639620597555,0.6915130557822694,-0.433883739117558,-0.9009688679024191,6.44,0,0.611,1.323
2026-08-14 03:10:00,3,10,4,1,0.737277336810124,0.6755902076156602,-0.433883739117558,-0.9009688679024191,10.72,1,1.249,0.177
2026-08-14 03:15:00,3,15,4,1,0.7518398074789774,0.6593458151000688,-0.433883739117558,-0.9009688679024191,9.19,2,0.801,0.428
2026-08-14 03:20:00,3,20,4,1,0.766044443118978,0.6427876096865394,-0.433883739117558,-0.9009688679024191,16.28,5,1.323,0.668
2026-08-14 03:25:00,3,25,4,1,0.7798844830928817,0.6259234721840591,-0.433883739117558,-0.9009688679024191,6.03,0,0.177,1.268
2026-08-14 03:30:00,3,30,4,1,0.7933533402912352,0.6087614290087207,-0.433883739117558,-0.9009688679024191,13.73,0,0.428,0.494
2026-08-14 03:35:00,3,35,4,1,0.8064446042674825,0.5913096483635825,-0.433883739117558,-0.9009688679024191,6.43,1,0.668,0.0
2026-08-14 03:40:00,3,40,4,1,0.8191520442889917,0.5735764363510462,-0.433883739117558,-0.9009688679024191,15.78,2,1.268,0.881
2026-08-14 03:45:00,3,45,4,1,0.8314696123025451,0.5555702330196024,-0.433883739117558,-0.9009688679024191,10.65,0,0.494,0.318
2026-08-14 03:50:00,3,50,4,1,0.8433914458128856,0.5372996083468239,-0.433883739117558,-0.9009688679024191,4.94,0,0.0,0.753
2026-08-14 03:55:00,3,55,4,1,0.8549118706729466,0.5187732581605216,-0.433883739117558,-0.9009688679024191,9.46,1,0.881,0.937
2026-08-14 04:00:00,4,0,4,1,0.8660254037844386,0.5000000000000001,-0.433883739117558,-0.9009688679024191,8.41,1,0.318,1.322
2026-08-14 04:05:00,4,5,4,1,0.8767267557075077,0.48098876891938774,-0.433883739117558,-0.9009688679024191,8.4,2,0.753,0.068
2026-08-14 04:10:00,4,10,4,1,0.8870108331782217,0.46174861323503386,-0.433883739117558,-0.9009688679024191,7.32,2,0.937,0.57
2026-08-14 04:15:00,4,15,4,1,0.8968727415326884,0.44228869021900125,-0.433883739117558,-0.9009688679024191,14.73,1,1.322,0.61
2026-08-14 04:20:00,4,20,4,1,0.9063077870366498,0.4226182617406996,-0.433883739117558,-0.9009688679024191,5.0,1,0.068,0.702
2026-08-14 04:25:00,4,25,4,1,0.9153114791194471,0.40274668985873724,-0.433883739117558,-0.9009688679024191,11.19,1,0.57,0.906
2026-08-14 04:30:00,4,30,4,1,0.9238795325112867,0.38268343236508984,-0.433883739117558,-0.9009688679024191,8.89,0,0.61,1.208
2026-08-14 04:35:00,4,35,4,1,0.9320078692827984,0.3624380382837017,-0.433883739117558,-0.9009688679024191,13.92,1,0.702,0.883
2026-08-14 04:40:00,4,40,4,1,0.9396926207859084,0.3420201433256686,-0.433883739117558,-0.9009688679024191,6.06,2,0.906,0.789
2026-08-14 04:45:00,4,45,4,1,0.9469301294951056,0.3214394653031617,-0.433883739117558,-0.9009688679024191,15.64,1,1.208,0.531
2026-08-14 04:50:00,4,50,4,1,0.9537169507482268,0.3007057995042733,-0.433883739117558,-0.9009688679024191,15.18,1,0.883,0.549
2026-08-14 04:55:00,4,55,4,1,0.9600498543859287,0.27982901403099203,-0.433883739117558,-0.9009688679024191,5.56,1,0.789,0.447
2026-08-14 05:00:00,5,0,4,1,0.9659258262890683,0.25881904510252074,-0.433883739117558,-0.9009688679024191,4.42,0,0.531,1.398
2026-08-14 05:05:00,5,5,4,1,0.9713420698132614,0.2376858923261731,-0.433883739117558,-0.9009688679024191,7.86,1,0.549,0.402
2026-08-14 05:10:00,5,10,4,1,0.9762960071199334,0.2164396139381029,-0.433883739117558,-0.9009688679024191,5.75,0,0.447,0.9
2026-08-14 05:15:00,5,15,4,1,0.9807852804032304,0.19509032201612833,-0.433883739117558,-0.9009688679024191,11.28,3,1.398,0.921
2026-08-14 05:20:00,5,20,4,1,0.984807753012208,0.17364817766693041,-0.433883739117558,-0.9009688679024191,4.44,0,0.402,0.222
2026-08-14 05:25:00,5,25,4,1,0.9883615104677607,0.1521233861899168,-0.433883739117558,-0.9009688679024191,9.02,1,0.9,0.949
2026-08-14 05:30:00,5,30,4,1,0.9914448613738104,0.1305261922200517,-0.433883739117558,-0.9009688679024191,7.04,3,0.921,0.865
2026-08-14 05:35:00,5,35,4,1,0.9940563382223196,0.10886687485196474,-0.433883739117558,-0.9009688679024191,9.04,0,0.222,0.049
2026-08-14 05:40:00,5,40,4,1,0.9961946980917455,0.08715574274765814,-0.433883739117558,-0.9009688679024191,11.21,1,0.949,1.196
2026-08-14 05:45:00,5,45,4,1,0.9978589232386035,0.06540312923014327,-0.433883739117558,-0.9009688679024191,11.19,1,0.865,1.103
2026-08-14 05:50:00,5,50,4,1,0.9990482215818578,0.04361938736533601,-0.433883739117558,-0.9009688679024191,1.22,1,0.049,1.459
2026-08-14 05:55:00,5,55,4,1,0.9997620270799091,0.021814885034560937,-0.433883739117558,-0.9009688679024191,12.77,1,1.196,0.589
2026-08-14 06:00:00,6,0,4,1,1.0,6.123233995736766e-17,-0.433883739117558,-0.9009688679024191,14.6,1,1.103,0.95
2026-08-14 06:05:00,6,5,4,1,0.9997620270799091,-0.02181488503456081,-0.433883739117558,-0.9009688679024191,15.57,4,1.459,1.381
2026-08-14 06:10:00,6,10,4,1,0.9990482215818578,-0.04361938736533589,-0.433883739117558,-0.9009688679024191,9.5,1,0.589,0.87
2026-08-14 06:15:00,6,15,4,1,0.9978589232386035,-0.06540312923014314,-0.433883739117558,-0.9009688679024191,7.03,2,0.95,0.0
2026-08-14 06:20:00,6,20,4,1,0.9961946980917455,-0.08715574274765801,-0.433883739117558,-0.9009688679024191,11.19,2,1.381,0.73
2026-08-14 06:25:00,6,25,4,1,0.9940563382223196,-0.10886687485196461,-0.433883739117558,-0.9009688679024191,14.04,1,0.87,0.615
2026-08-14 06:30:00,6,30,4,1,0.9914448613738104,-0.1305261922200516,-0.433883739117558,-0.9009688679024191,6.46,1,0.0,0.685
2026-08-14 06:35:00,6,35,4,1,0.9883615104677607,-0.1521233861899167,-0.433883739117558,-0.9009688679024191,5.94,1,0.73,0.735
2026-08-14 06:40:00,6,40,4,1,0.984807753012208,-0.1736481776669303,-0.433883739117558,-0.9009688679024191,8.95,0,0.615,1.312
2026-08-14 06:45:00,6,45,4,1,0.9807852804032304,-0.1950903220161282,-0.433883739117558,-0.9009688679024191,13.01,2,0.685,0.8
2026-08-14 06:50:00,6,50,4,1,0.9762960071199334,-0.2164396139381028,-0.433883739117558,-0.9009688679024191,11.9,1,0.735,0.958
2026-08-14 06:55:00,6,55,4,1,0.9713420698132614,-0.23768589232617318,-0.433883739117558,-0.9009688679024191,13.55,2,1.312,0.0
2026-08-14 07:00:00,7,0,4,1,0.9659258262890683,-0.25881904510252063,-0.433883739117558,-0.9009688679024191,15.0,1,0.8,1.1
2026-08-14 07:05:00,7,5,4,1,0.9600498543859287,-0.2798290140309919,-0.433883739117558,-0.9009688679024191,14.03,1,0.958,0.338
2026-08-14 07:10:00,7,10,4,1,0.9537169507482269,-0.30070579950427295,-0.433883739117558,-0.9009688679024191,7.61,1,0.0,0.583
2026-08-14 07:15:00,7,15,4,1,0.9469301294951057,-0.3214394653031616,-0.433883739117558,-0.9009688679024191,12.15,1,1.1,0.698
2026-08-14 07:20:00,7,20,4,1,0.9396926207859084,-0.3420201433256685,-0.433883739117558,-0.9009688679024191,5.17,1,0.338,1.195
2026-08-14 07:25:00,7,25,4,1,0.9320078692827986,-0.3624380382837016,-0.433883739117558,-0.9009688679024191,5.33,0,0.583,1.046
2026-08-14 07:30:00,7,30,4,1,0.9238795325112868,-0.3826834323650895,-0.433883739117558,-0.9009688679024191,9.63,1,0.698,0.471
2026-08-14 07:35:00,7,35,4,1,0.9153114791194472,-0.40274668985873713,-0.433883739117558,-0.9009688679024191,11.64,1,1.195,1.832
2026-08-14 07:40:00,7,40,4,1,0.90630778703665,-0.42261826174069933,-0.433883739117558,-0.9009688679024191,10.2,1,1.046,0.818
2026-08-14 07:45:00,7,45,4,1,0.8968727415326884,-0.44228869021900113,-0.433883739117558,-0.9009688679024191,8.53,0,0.471,0.506
2026-08-14 07:50:00,7,50,4,1,0.8870108331782218,-0.4617486132350338,-0.433883739117558,-0.9009688679024191,18.06,2,1.832,1.471
2026-08-14 07:55:00,7,55,4,1,0.8767267557075076,-0.48098876891938785,-0.433883739117558,-0.9009688679024191,15.83,4,0.818,0.253
2026-08-14 08:00:00,8,0,4,1,0.8660254037844387,-0.4999999999999998,-0.433883739117558,-0.9009688679024191,4.9,1,0.506,0.785
2026-08-14 08:05:00,8,5,4,1,0.8549118706729465,-0.5187732581605216,-0.433883739117558,-0.9009688679024191,9.0,2,1.471,1.183
2026-08-14 08:10:00,8,10,4,1,0.8433914458128858,-0.5372996083468236,-0.433883739117558,-0.9009688679024191,10.97,0,0.253,0.431
2026-08-14 08:15:00,8,15,4,1,0.8314696123025451,-0.5555702330196023,-0.433883739117558,-0.9009688679024191,7.91,1,0.785,5.748
2026-08-14 08:20:00,8,20,4,1,0.8191520442889917,-0.5735764363510462,-0.433883739117558,-0.9009688679024191,17.69,1,1.183,5.744
2026-08-14 08:25:00,8,25,4,1,0.8064446042674828,-0.5913096483635821,-0.433883739117558,-0.9009688679024191,11.77,0,0.431,7.242
2026-08-14 08:30:00,8,30,4,1,0.7933533402912352,-0.6087614290087207,-0.433883739117558,-0.9009688679024191,71.74,9,5.748,7.589
2026-08-14 08:35:00,8,35,4,1,0.7798844830928817,-0.6259234721840591,-0.433883739117558,-0.9009688679024191,73.0,9,5.744,5.756
2026-08-14 08:40:00,8,40,4,1,0.7660444431189783,-0.642787609686539,-0.433883739117558,-0.9009688679024191,89.18,10,7.242,6.495
2026-08-14 08:45:00,8,45,4,1,0.7518398074789774,-0.6593458151000688,-0.433883739117558,-0.9009688679024191,93.45,11,7.589,6.744
2026-08-14 08:50:00,8,50,4,1,0.7372773368101241,-0.6755902076156602,-0.433883739117558,-0.9009688679024191,74.31,8,5.756,7.401
2026-08-14 08:55:00,8,55,4,1,0.7223639620597556,-0.6915130557822693,-0.433883739117558,-0.9009688679024191,83.48,9,6.495,6.979
2026-08-14 09:00:00,9,0,4,1,0.7071067811865476,-0.7071067811865475,-0.433883739117558,-0.9009688679024191,83.56,10,6.744,8.0
2026-08-14 09:05:00,9,5,4,1,0.6915130557822694,-0.7223639620597555,-0.433883739117558,-0.9009688679024191,93.31,11,7.401,7.007
2026-08-14 09:10:00,9,10,4,1,0.6755902076156604,-0.737277336810124,-0.433883739117558,-0.9009688679024191,87.57,10,6.979,7.355
2026-08-14 09:15:00,9,15,4,1,0.659345815100069,-0.7518398074789773,-0.433883739117558,-0.9009688679024191,97.34,12,8.0,7.397
2026-08-14 09:20:00,9,20,4,1,0.6427876096865391,-0.7660444431189782,-0.433883739117558,-0.9009688679024191,88.78,10,7.007,7.966
2026-08-14 09:25:00,9,25,4,1,0.6259234721840592,-0.7798844830928817,-0.433883739117558,-0.9009688679024191,93.16,14,7.355,7.627
2026-08-14 09:30:00,9,30,4,1,0.6087614290087209,-0.793353340291235,-0.433883739117558,-0.9009688679024191,88.73,12,7.397,7.83
2026-08-14 09:35:00,9,35,4,1,0.5913096483635822,-0.8064446042674827,-0.433883739117558,-0.9009688679024191,100.0,11,7.966,6.966
2026-08-14 09:40:00,9,40,4,1,0.5735764363510464,-0.8191520442889916,-0.433883739117558,-0.9009688679024191,96.16,11,7.627,7.305
2026-08-14 09:45:00,9,45,4,1,0.5555702330196025,-0.831469612302545,-0.433883739117558,-0.9009688679024191,97.98,12,7.83,7.685
2026-08-14 09:50:00,9,50,4,1,0.5372996083468238,-0.8433914458128857,-0.433883739117558,-0.9009688679024191,91.69,11,6.966,7.509
2026-08-14 09:55:00,9,55,4,1,0.5187732581605218,-0.8549118706729464,-0.433883739117558,-0.9009688679024191,91.18,10,7.305,7.349
2026-08-14 10:00:00,10,0,4,1,0.49999999999999994,-0.8660254037844387,-0.433883739117558,-0.9009688679024191,94.58,11,7.685,7.916
2026-08-14 10:05:00,10,5,4,1,0.48098876891938763,-0.8767267557075077,-0.433883739117558,-0.9009688679024191,95.88,12,7.509,7.171
2026-08-14 10:10:00,10,10,4,1,0.4617486132350339,-0.8870108331782217,-0.433883739117558,-0.9009688679024191,95.66,12,7.349,7.637
2026-08-14 10:15:00,10,15,4,1,0.4422886902190017,-0.8968727415326881,-0.433883739117558,-0.9009688679024191,95.8,12,7.916,7.411
2026-08-14 10:20:00,10,20,4,1,0.4226182617406995,-0.9063077870366499,-0.433883739117558,-0.9009688679024191,92.51,10,7.171,7.166
2026-08-14 10:25:00,10,25,4,1,0.4027466898587373,-0.9153114791194471,-0.433883739117558,-0.9009688679024191,94.35,12,7.637,6.601
2026-08-14 10:30:00,10,30,4,1,0.3826834323650899,-0.9238795325112867,-0.433883739117558,-0.9009688679024191,95.28,11,7.411,7.047
2026-08-14 10:35:00,10,35,4,1,0.36243803828370136,-0.9320078692827987,-0.433883739117558,-0.9009688679024191,94.54,10,7.166,7.07
2026-08-14 10:40:00,10,40,4,1,0.3420201433256689,-0.9396926207859083,-0.433883739117558,-0.9009688679024191,90.04,9,6.601,7.441
2026-08-14 10:45:00,10,45,4,1,0.32143946530316175,-0.9469301294951056,-0.433883739117558,-0.9009688679024191,89.45,11,7.047,7.299
2026-08-14 10:50:00,10,50,4,1,0.30070579950427334,-0.9537169507482268,-0.433883739117558,-0.9009688679024191,88.19,10,7.07,6.898
2026-08-14 10:55:00,10,55,4,1,0.2798290140309927,-0.9600498543859285,-0.433883739117558,-0.9009688679024191,93.85,12,7.441,6.937
2026-08-14 11:00:00,11,0,4,1,0.258819045102521,-0.9659258262890682,-0.433883739117558,-0.9009688679024191,90.94,10,7.299,6.796
2026-08-14 11:05:00,11,5,4,1,0.23768589232617293,-0.9713420698132614,-0.433883739117558,-0.9009688679024191,85.62,13,6.898,7.06
2026-08-14 11:10:00,11,10,4,1,0.21643961393810318,-0.9762960071199333,-0.433883739117558,-0.9009688679024191,87.36,10,6.937,5.791
2026-08-14 11:15:00,11,15,4,1,0.19509032201612816,-0.9807852804032304,-0.433883739117558,-0.9009688679024191,88.82,12,6.796,6.64
2026-08-14 11:20:00,11,20,4,1,0.17364817766693028,-0.984807753012208,-0.433883739117558,-0.9009688679024191,85.2,10,7.06,0.805
2026-08-14 11:25:00,11,25,4,1,0.15212338618991708,-0.9883615104677607,-0.433883739117558,-0.9009688679024191,75.31,8,5.791,0.934
2026-08-14 11:30:00,11,30,4,1,0.130526192220052,-0.9914448613738104,-0.433883739117558,-0.9009688679024191,84.85,9,6.64,1.088
2026-08-14 11:35:00,11,35,4,1,0.10886687485196457,-0.9940563382223196,-0.433883739117558,-0.9009688679024191,9.2,2,0.805,0.657
2026-08-14 11:40:00,11,40,4,1,0.0871557427476582,-0.9961946980917455,-0.433883739117558,-0.9009688679024191,14.58,1,0.934,0.343
2026-08-14 11:45:00,11,45,4,1,0.06540312923014312,-0.9978589232386035,-0.433883739117558,-0.9009688679024191,5.66,2,1.088,3.448
2026-08-14 11:50:00,11,50,4,1,0.043619387365335625,-0.9990482215818578,-0.433883739117558,-0.9009688679024191,9.42,0,0.657,4.439
2026-08-14 11:55:00,11,55,4,1,0.021814885034561218,-0.9997620270799091,-0.433883739117558,-0.9009688679024191,8.18,0,0.343,3.862
2026-08-14 12:00:00,12,0,4,1,1.2246467991473532e-16,-1.0,-0.433883739117558,-0.9009688679024191,45.48,6,3.448,3.539
2026-08-14 12:05:00,12,5,4,1,-0.021814885034560975,-0.9997620270799091,-0.433883739117558,-0.9009688679024191,51.74,6,4.439,3.683
2026-08-14 12:10:00,12,10,4,1,-0.04361938736533538,-0.9990482215818578,-0.433883739117558,-0.9009688679024191,42.06,5,3.862,3.827
2026-08-14 12:15:00,12,15,4,1,-0.06540312923014287,-0.9978589232386035,-0.433883739117558,-0.9009688679024191,43.87,5,3.539,3.816
2026-08-14 12:20:00,12,20,4,1,-0.08715574274765794,-0.9961946980917455,-0.433883739117558,-0.9009688679024191,44.78,5,3.683,2.691
2026-08-14 12:25:00,12,25,4,1,-0.10886687485196432,-0.9940563382223196,-0.433883739117558,-0.9009688679024191,46.02,5,3.827,3.919
2026-08-14 12:30:00,12,30,4,1,-0.13052619222005177,-0.9914448613738104,-0.433883739117558,-0.9009688679024191,46.53,5,3.816,3.292
2026-08-14 12:35:00,12,35,4,1,-0.15212338618991683,-0.9883615104677607,-0.433883739117558,-0.9009688679024191,35.57,6,2.691,4.05
2026-08-14 12:40:00,12,40,4,1,-0.17364817766693003,-0.9848077530122081,-0.433883739117558,-0.9009688679024191,44.76,5,3.919,3.748
2026-08-14 12:45:00,12,45,4,1,-0.19509032201612792,-0.9807852804032305,-0.433883739117558,-0.9009688679024191,36.21,5,3.292,3.937
2026-08-14 12:50:00,12,50,4,1,-0.21643961393810293,-0.9762960071199334,-0.433883739117558,-0.9009688679024191,45.89,6,4.05,5.073
2026-08-14 12:55:00,12,55,4,1,-0.2376858923261727,-0.9713420698132615,-0.433883739117558,-0.9009688679024191,45.05,5,3.748,5.687
2026-08-14 13:00:00,13,0,4,1,-0.2588190451025208,-0.9659258262890683,-0.433883739117558,-0.9009688679024191,49.58,5,3.937,4.88
2026-08-14 13:05:00,13,5,4,1,-0.2798290140309925,-0.9600498543859286,-0.433883739117558,-0.9009688679024191,64.33,7,5.073,5.455
2026-08-14 13:10:00,13,10,4,1,-0.30070579950427306,-0.9537169507482269,-0.433883739117558,-0.9009688679024191,65.43,8,5.687,5.668
2026-08-14 13:15:00,13,15,4,1,-0.32143946530316153,-0.9469301294951057,-0.433883739117558,-0.9009688679024191,64.63,8,4.88,5.384
2026-08-14 13:20:00,13,20,4,1,-0.34202014332566866,-0.9396926207859084,-0.433883739117558,-0.9009688679024191,67.04,8,5.455,5.123
2026-08-14 13:25:00,13,25,4,1,-0.36243803828370114,-0.9320078692827987,-0.433883739117558,-0.9009688679024191,67.19,10,5.668,5.373
2026-08-14 13:30:00,13,30,4,1,-0.38268343236508967,-0.9238795325112868,-0.433883739117558,-0.9009688679024191,69.2,8,5.384,5.769
2026-08-14 13:35:00,13,35,4,1,-0.4027466898587371,-0.9153114791194472,-0.433883739117558,-0.9009688679024191,68.19,7,5.123,5.845
2026-08-14 13:40:00,13,40,4,1,-0.4226182617406993,-0.90630778703665,-0.433883739117558,-0.9009688679024191,67.4,9,5.373,5.517
2026-08-14 13:45:00,13,45,4,1,-0.44228869021900147,-0.8968727415326883,-0.433883739117558,-0.9009688679024191,71.12,8,5.769,5.002
2026-08-14 13:50:00,13,50,4,1,-0.46174861323503413,-0.8870108331782216,-0.433883739117558,-0.9009688679024191,63.17,8,5.845,5.358
2026-08-14 13:55:00,13,55,4,1,-0.4809887689193874,-0.8767267557075078,-0.433883739117558,-0.9009688679024191,74.84,10,5.517,5.583
2026-08-14 14:00:00,14,0,4,1,-0.4999999999999997,-0.8660254037844388,-0.433883739117558,-0.9009688679024191,63.91,8,5.002,5.348
2026-08-14 14:05:00,14,5,4,1,-0.5187732581605216,-0.8549118706729465,-0.433883739117558,-0.9009688679024191,64.71,8,5.358,5.183
2026-08-14 14:10:00,14,10,4,1,-0.5372996083468236,-0.8433914458128858,-0.433883739117558,-0.9009688679024191,72.13,8,5.583,5.9
2026-08-14 14:15:00,14,15,4,1,-0.555570233019602,-0.8314696123025455,-0.433883739117558,-0.9009688679024191,71.25,8,5.348,6.029
2026-08-14 14:20:00,14,20,4,1,-0.5735764363510458,-0.819152044288992,-0.433883739117558,-0.9009688679024191,69.0,7,5.183,5.27
2026-08-14 14:25:00,14,25,4,1,-0.5913096483635824,-0.8064446042674825,-0.433883739117558,-0.9009688679024191,72.13,8,5.9,7.213
2026-08-14 14:30:00,14,30,4,1,-0.6087614290087207,-0.7933533402912352,-0.433883739117558,-0.9009688679024191,73.27,9,6.029,6.265
2026-08-14 14:35:00,14,35,4,1,-0.6259234721840591,-0.7798844830928818,-0.433883739117558,-0.9009688679024191,72.03,8,5.27,5.553
2026-08-14 14:40:00,14,40,4,1,-0.6427876096865389,-0.7660444431189783,-0.433883739117558,-0.9009688679024191,81.61,10,7.213,6.176
2026-08-14 14:45:00,14,45,4,1,-0.6593458151000688,-0.7518398074789774,-0.433883739117558,-0.9009688679024191,73.89,9,6.265,5.107
2026-08-14 14:50:00,14,50,4,1,-0.6755902076156601,-0.7372773368101241,-0.433883739117558,-0.9009688679024191,75.11,9,5.553,6.399
2026-08-14 14:55:00,14,55,4,1,-0.691513055782269,-0.722363962059756,-0.433883739117558,-0.9009688679024191,79.48,9,6.176,6.162
2026-08-14 15:00:00,15,0,4,1,-0.7071067811865471,-0.7071067811865479,-0.433883739117558,-0.9009688679024191,68.26,7,5.107,5.535
2026-08-14 15:05:00,15,5,4,1,-0.7223639620597557,-0.6915130557822692,-0.433883739117558,-0.9009688679024191,74.32,10,6.399,5.244
2026-08-14 15:10:00,15,10,4,1,-0.7372773368101239,-0.6755902076156604,-0.433883739117558,-0.9009688679024191,79.07,9,6.162,6.397
2026-08-14 15:15:00,15,15,4,1,-0.7518398074789773,-0.6593458151000691,-0.433883739117558,-0.9009688679024191,74.98,8,5.535,6.16
2026-08-14 15:20:00,15,20,4,1,-0.7660444431189779,-0.6427876096865395,-0.433883739117558,-0.9009688679024191,63.33,8,5.244,5.005
2026-08-14 15:25:00,15,25,4,1,-0.7798844830928814,-0.6259234721840596,-0.433883739117558,-0.9009688679024191,79.21,9,6.397,5.382
2026-08-14 15:30:00,15,30,4,1,-0.7933533402912349,-0.6087614290087209,-0.433883739117558,-0.9009688679024191,71.66,9,6.16,5.485
2026-08-14 15:35:00,15,35,4,1,-0.8064446042674827,-0.5913096483635822,-0.433883739117558,-0.9009688679024191,65.94,8,5.005,5.783
2026-08-14 15:40:00,15,40,4,1,-0.8191520442889916,-0.5735764363510464,-0.433883739117558,-0.9009688679024191,71.94,10,5.382,5.343
2026-08-14 15:45:00,15,45,4,1,-0.8314696123025452,-0.5555702330196022,-0.433883739117558,-0.9009688679024191,76.04,9,5.485,5.479
2026-08-14 15:50:00,15,50,4,1,-0.8433914458128859,-0.5372996083468234,-0.433883739117558,-0.9009688679024191,74.25,8,5.783,6.163
2026-08-14 15:55:00,15,55,4,1,-0.8549118706729466,-0.5187732581605214,-0.433883739117558,-0.9009688679024191,74.27,8,5.343,6.594
2026-08-14 16:00:00,16,0,4,1,-0.8660254037844385,-0.5000000000000004,-0.433883739117558,-0.9009688679024191,72.12,9,5.479,5.822
2026-08-14 16:05:00,16,5,4,1,-0.8767267557075072,-0.48098876891938847,-0.433883739117558,-0.9009688679024191,82.71,10,6.163,5.834
2026-08-14 16:10:00,16,10,4,1,-0.8870108331782218,-0.4617486132350336,-0.433883739117558,-0.9009688679024191,78.77,10,6.594,6.188
2026-08-14 16:15:00,16,15,4,1,-0.8968727415326883,-0.44228869021900136,-0.433883739117558,-0.9009688679024191,72.08,8,5.822,5.775
2026-08-14 16:20:00,16,20,4,1,-0.9063077870366497,-0.42261826174069994,-0.433883739117558,-0.9009688679024191,70.36,9,5.834,5.495
2026-08-14 16:25:00,16,25,4,1,-0.9153114791194471,-0.40274668985873735,-0.433883739117558,-0.9009688679024191,72.83,9,6.188,5.249
2026-08-14 16:30:00,16,30,4,1,-0.9238795325112868,-0.3826834323650895,-0.433883739117558,-0.9009688679024191,77.92,8,5.775,4.868
2026-08-14 16:35:00,16,35,4,1,-0.9320078692827984,-0.3624380382837018,-0.433883739117558,-0.9009688679024191,71.24,8,5.495,5.533
2026-08-14 16:40:00,16,40,4,1,-0.9396926207859084,-0.34202014332566855,-0.433883739117558,-0.9009688679024191,70.74,8,5.249,6.204
2026-08-14 16:45:00,16,45,4,1,-0.9469301294951056,-0.3214394653031618,-0.433883739117558,-0.9009688679024191,66.84,10,4.868,5.648
2026-08-14 16:50:00,16,50,4,1,-0.9537169507482267,-0.3007057995042738,-0.433883739117558,-0.9009688679024191,70.9,8,5.533,4.81
2026-08-14 16:55:00,16,55,4,1,-0.9600498543859286,-0.27982901403099236,-0.433883739117558,-0.9009688679024191,77.42,11,6.204,5.723
2026-08-14 17:00:00,17,0,4,1,-0.9659258262890683,-0.25881904510252063,-0.433883739117558,-0.9009688679024191,66.37,8,5.648,5.986
2026-08-14 17:05:00,17,5,4,1,-0.9713420698132613,-0.23768589232617343,-0.433883739117558,-0.9009688679024191,63.56,8,4.81,6.353
2026-08-14 17:10:00,17,10,4,1,-0.9762960071199334,-0.21643961393810282,-0.433883739117558,-0.9009688679024191,73.75,8,5.723,6.089
2026-08-14 17:15:00,17,15,4,1,-0.9807852804032303,-0.19509032201612866,-0.433883739117558,-0.9009688679024191,76.34,10,5.986,4.692
2026-08-14 17:20:00,17,20,4,1,-0.9848077530122079,-0.1736481776669312,-0.433883739117558,-0.9009688679024191,73.4,10,6.353,5.748
2026-08-14 17:25:00,17,25,4,1,-0.9883615104677608,-0.15212338618991628,-0.433883739117558,-0.9009688679024191,70.27,9,6.089,4.712
2026-08-14 17:30:00,17,30,4,1,-0.9914448613738104,-0.13052619222005163,-0.433883739117558,-0.9009688679024191,59.84,7,4.692,4.688
2026-08-14 17:35:00,17,35,4,1,-0.9940563382223195,-0.10886687485196507,-0.433883739117558,-0.9009688679024191,68.27,9,5.748,4.899
2026-08-14 17:40:00,17,40,4,1,-0.9961946980917455,-0.08715574274765825,-0.433883739117558,-0.9009688679024191,59.22,7,4.712,5.217
2026-08-14 17:45:00,17,45,4,1,-0.9978589232386035,-0.06540312923014273,-0.433883739117558,-0.9009688679024191,58.42,7,4.688,5.665
2026-08-14 17:50:00,17,50,4,1,-0.9990482215818578,-0.04361938736533613,-0.433883739117558,-0.9009688679024191,61.65,9,4.899,1.238
2026-08-14 17:55:00,17,55,4,1,-0.9997620270799091,-0.021814885034560836,-0.433883739117558,-0.9009688679024191,66.43,9,5.217,0.734
2026-08-14 18:00:00,18,0,4,1,-1.0,-1.8369701987210297e-16,-0.433883739117558,-0.9009688679024191,69.14,8,5.665,0.079
2026-08-14 18:05:00,18,5,4,1,-0.9997620270799091,0.021814885034560468,-0.433883739117558,-0.9009688679024191,7.61,1,1.238,0.698
2026-08-14 18:10:00,18,10,4,1,-0.9990482215818578,0.043619387365335764,-0.433883739117558,-0.9009688679024191,10.39,1,0.734,1.141
2026-08-14 18:15:00,18,15,4,1,-0.9978589232386036,0.06540312923014237,-0.433883739117558,-0.9009688679024191,3.03,0,0.079,0.662
2026-08-14 18:20:00,18,20,4,1,-0.9961946980917455,0.08715574274765789,-0.433883739117558,-0.9009688679024191,11.61,2,0.698,0.485
2026-08-14 18:25:00,18,25,4,1,-0.9940563382223196,0.10886687485196471,-0.433883739117558,-0.9009688679024191,10.32,1,1.141,1.022
2026-08-14 18:30:00,18,30,4,1,-0.9914448613738105,0.13052619222005127,-0.433883739117558,-0.9009688679024191,11.18,2,0.662,0.744
2026-08-14 18:35:00,18,35,4,1,-0.9883615104677609,0.15212338618991592,-0.433883739117558,-0.9009688679024191,8.38,0,0.485,0.72
2026-08-14 18:40:00,18,40,4,1,-0.984807753012208,0.17364817766693083,-0.433883739117558,-0.9009688679024191,10.58,2,1.022,0.853
2026-08-14 18:45:00,18,45,4,1,-0.9807852804032304,0.1950903220161283,-0.433883739117558,-0.9009688679024191,11.3,1,0.744,1.428
2026-08-14 18:50:00,18,50,4,1,-0.9762960071199335,0.21643961393810246,-0.433883739117558,-0.9009688679024191,4.41,2,0.72,1.278
2026-08-14 18:55:00,18,55,4,1,-0.9713420698132614,0.23768589232617307,-0.433883739117558,-0.9009688679024191,11.28,1,0.853,1.014
2026-08-14 19:00:00,19,0,4,1,-0.9659258262890684,0.2588190451025203,-0.433883739117558,-0.9009688679024191,14.32,5,1.428,1.009
2026-08-14 19:05:00,19,5,4,1,-0.9600498543859287,0.279829014030992,-0.433883739117558,-0.9009688679024191,11.95,2,1.278,0.576
2026-08-14 19:10:00,19,10,4,1,-0.9537169507482268,0.30070579950427345,-0.433883739117558,-0.9009688679024191,9.5,1,1.014,1.047
2026-08-14 19:15:00,19,15,4,1,-0.9469301294951057,0.3214394653031615,-0.433883739117558,-0.9009688679024191,14.33,2,1.009,0.574
2026-08-14 19:20:00,19,20,4,1,-0.9396926207859085,0.34202014332566816,-0.433883739117558,-0.9009688679024191,9.58,0,0.576,0.0
2026-08-14 19:25:00,19,25,4,1,-0.9320078692827986,0.36243803828370147,-0.433883739117558,-0.9009688679024191,10.8,1,1.047,0.759
2026-08-14 19:30:00,19,30,4,1,-0.923879532511287,0.38268343236508917,-0.433883739117558,-0.9009688679024191,7.01,1,0.574,0.659
2026-08-14 19:35:00,19,35,4,1,-0.9153114791194472,0.402746689858737,-0.433883739117558,-0.9009688679024191,1.24,1,0.0,1.2
2026-08-14 19:40:00,19,40,4,1,-0.9063077870366498,0.4226182617406996,-0.433883739117558,-0.9009688679024191,6.03,1,0.759,0.52
2026-08-14 19:45:00,19,45,4,1,-0.8968727415326884,0.442288690219001,-0.433883739117558,-0.9009688679024191,11.4,0,0.659,3.797
2026-08-14 19:50:00,19,50,4,1,-0.887010833178222,0.46174861323503325,-0.433883739117558,-0.9009688679024191,14.01,2,1.2,4.033
2026-08-14 19:55:00,19,55,4,1,-0.8767267557075075,0.48098876891938813,-0.433883739117558,-0.9009688679024191,6.79,1,0.52,4.686
2026-08-14 20:00:00,20,0,4,1,-0.8660254037844386,0.5000000000000001,-0.433883739117558,-0.9009688679024191,53.13,7,3.797,4.149
2026-08-14 20:05:00,20,5,4,1,-0.8549118706729468,0.5187732581605211,-0.433883739117558,-0.9009688679024191,49.57,6,4.033,4.092
2026-08-14 20:10:00,20,10,4,1,-0.8433914458128857,0.5372996083468239,-0.433883739117558,-0.9009688679024191,54.15,7,4.686,4.252
2026-08-14 20:15:00,20,15,4,1,-0.8314696123025455,0.5555702330196018,-0.433883739117558,-0.9009688679024191,51.49,7,4.149,4.253
2026-08-14 20:20:00,20,20,4,1,-0.8191520442889918,0.573576436351046,-0.433883739117558,-0.9009688679024191,53.02,6,4.092,4.238
2026-08-14 20:25:00,20,25,4,1,-0.8064446042674829,0.591309648363582,-0.433883739117558,-0.9009688679024191,55.5,7,4.252,5.335
2026-08-14 20:30:00,20,30,4,1,-0.7933533402912357,0.6087614290087199,-0.433883739117558,-0.9009688679024191,55.38,7,4.253,3.867
2026-08-14 20:35:00,20,35,4,1,-0.7798844830928816,0.6259234721840593,-0.433883739117558,-0.9009688679024191,59.38,6,4.238,4.281
2026-08-14 20:40:00,20,40,4,1,-0.7660444431189781,0.6427876096865393,-0.433883739117558,-0.9009688679024191,59.75,9,5.335,4.889
2026-08-14 20:45:00,20,45,4,1,-0.7518398074789772,0.6593458151000691,-0.433883739117558,-0.9009688679024191,52.68,5,3.867,4.825
2026-08-14 20:50:00,20,50,4,1,-0.7372773368101242,0.6755902076156601,-0.433883739117558,-0.9009688679024191,56.53,8,4.281,4.739
2026-08-14 20:55:00,20,55,4,1,-0.7223639620597554,0.6915130557822695,-0.433883739117558,-0.9009688679024191,56.29,8,4.889,4.27
2026-08-14 21:00:00,21,0,4,1,-0.7071067811865477,0.7071067811865474,-0.433883739117558,-0.9009688679024191,58.38,7,4.825,4.103
2026-08-14 21:05:00,21,5,4,1,-0.6915130557822698,0.7223639620597551,-0.433883739117558,-0.9009688679024191,57.55,7,4.739,3.911
2026-08-14 21:10:00,21,10,4,1,-0.6755902076156598,0.7372773368101244,-0.433883739117558,-0.9009688679024191,49.42,7,4.27,4.361
2026-08-14 21:15:00,21,15,4,1,-0.6593458151000687,0.7518398074789775,-0.433883739117558,-0.9009688679024191,50.22,7,4.103,4.207
2026-08-14 21:20:00,21,20,4,1,-0.6427876096865396,0.7660444431189778,-0.433883739117558,-0.9009688679024191,54.86,6,3.911,5.177
2026-08-14 21:25:00,21,25,4,1,-0.625923472184059,0.7798844830928818,-0.433883739117558,-0.9009688679024191,56.68,6,4.361,3.347
2026-08-14 21:30:00,21,30,4,1,-0.608761429008721,0.7933533402912349,-0.433883739117558,-0.9009688679024191,50.05,6,4.207,3.687
2026-08-14 21:35:00,21,35,4,1,-0.591309648363583,0.8064446042674821,-0.433883739117558,-0.9009688679024191,58.43,8,5.177,4.444
2026-08-14 21:40:00,21,40,4,1,-0.5735764363510465,0.8191520442889916,-0.433883739117558,-0.9009688679024191,46.32,6,3.347,4.701
2026-08-14 21:45:00,21,45,4,1,-0.555570233019603,0.8314696123025447,-0.433883739117558,-0.9009688679024191,51.16,5,3.687,4.531
2026-08-14 21:50:00,21,50,4,1,-0.537299608346825,0.8433914458128849,-0.433883739117558,-0.9009688679024191,56.26,6,4.444,3.931
2026-08-14 21:55:00,21,55,4,1,-0.5187732581605214,0.8549118706729466,-0.433883739117558,-0.9009688679024191,57.76,7,4.701,4.728
2026-08-14 22:00:00,22,0,4,1,-0.5000000000000004,0.8660254037844384,-0.433883739117558,-0.9009688679024191,54.8,8,4.531,4.242
2026-08-14 22:05:00,22,5,4,1,-0.48098876891938774,0.8767267557075077,-0.433883739117558,-0.9009688679024191,52.64,5,3.931,4.453
2026-08-14 22:10:00,22,10,4,1,-0.46174861323503363,0.8870108331782218,-0.433883739117558,-0.9009688679024191,60.43,7,4.728,5.121
2026-08-14 22:15:00,22,15,4,1,-0.4422886902190014,0.8968727415326883,-0.433883739117558,-0.9009688679024191,56.39,6,4.242,4.218
2026-08-14 22:20:00,22,20,4,1,-0.4226182617407,0.9063077870366497,-0.433883739117558,-0.9009688679024191,60.39,6,4.453,4.297
2026-08-14 22:25:00,22,25,4,1,-0.40274668985873663,0.9153114791194474,-0.433883739117558,-0.9009688679024191,59.72,8,5.121,4.446
2026-08-14 22:30:00,22,30,4,1,-0.38268343236508956,0.9238795325112868,-0.433883739117558,-0.9009688679024191,54.79,7,4.218,4.467
2026-08-14 22:35:00,22,35,4,1,-0.36243803828370186,0.9320078692827984,-0.433883739117558,-0.9009688679024191,57.0,9,4.297,4.651
2026-08-14 22:40:00,22,40,4,1,-0.3420201433256686,0.9396926207859084,-0.433883739117558,-0.9009688679024191,57.97,6,4.446,4.51
2026-08-14 22:45:00,22,45,4,1,-0.32143946530316186,0.9469301294951056,-0.433883739117558,-0.9009688679024191,55.51,6,4.467,4.694
2026-08-14 22:50:00,22,50,4,1,-0.30070579950427384,0.9537169507482267,-0.433883739117558,-0.9009688679024191,50.84,6,4.651,4.288
2026-08-14 22:55:00,22,55,4,1,-0.2798290140309924,0.9600498543859286,-0.433883739117558,-0.9009688679024191,59.28,8,4.51,4.355
2026-08-14 23:00:00,23,0,4,1,-0.25881904510252157,0.9659258262890681,-0.433883739117558,-0.9009688679024191,56.48,7,4.694,4.436
2026-08-14 23:05:00,23,5,4,1,-0.23768589232617435,0.9713420698132611,-0.433883739117558,-0.9009688679024191,54.49,7,4.288,4.425
2026-08-14 23:10:00,23,10,4,1,-0.21643961393810288,0.9762960071199334,-0.433883739117558,-0.9009688679024191,51.16,7,4.355,4.179
2026-08-14 23:15:00,23,15,4,1,-0.19509032201612872,0.9807852804032303,-0.433883739117558,-0.9009688679024191,60.8,6,4.436,4.452
2026-08-14 23:20:00,23,20,4,1,-0.1736481776669304,0.984807753012208,-0.433883739117558,-0.9009688679024191,52.85,7,4.425,4.304
2026-08-14 23:25:00,23,25,4,1,-0.1521233861899172,0.9883615104677607,-0.433883739117558,-0.9009688679024191,51.41,6,4.179,4.37
2026-08-14 23:30:00,23,30,4,1,-0.13052619222005168,0.9914448613738104,-0.433883739117558,-0.9009688679024191,54.02,8,4.452,4.119
2026-08-14 23:35:00,23,35,4,1,-0.10886687485196514,0.9940563382223195,-0.433883739117558,-0.9009688679024191,58.41,8,4.304,4.606
2026-08-14 23:40:00,23,40,4,1,-0.08715574274765743,0.9961946980917455,-0.433883739117558,-0.9009688679024191,53.42,8,4.37,4.57
2026-08-14 23:45:00,23,45,4,1,-0.0654031292301428,0.9978589232386035,-0.433883739117558,-0.9009688679024191,52.61,6,4.119,0.64
2026-08-14 23:50:00,23,50,4,1,-0.043619387365336194,0.9990482215818578,-0.433883739117558,-0.9009688679024191,53.2,6,4.606,0.572
2026-08-14 23:55:00,23,55,4,1,-0.0218148850345609,0.9997620270799091,-0.433883739117558,-0.9009688679024191,50.29,6,4.57,1.098
2026-08-15 00:00:00,0,0,5,0,0.0,1.0,-0.9749279121818236,-0.2225209339563146,8.65,0,0.64,0.329
2026-08-15 00:05:00,0,5,5,0,0.02181488503456112,0.9997620270799091,-0.9749279121818236,-0.2225209339563146,10.84,1,0.572,0.323
2026-08-15 00:10:00,0,10,5,0,0.043619387365336,0.9990482215818578,-0.9749279121818236,-0.2225209339563146,9.25,2,1.098,1.099
2026-08-15 00:15:00,0,15,5,0,0.06540312923014306,0.9978589232386035,-0.9749279121818236,-0.2225209339563146,8.16,1,0.329,1.012
2026-08-15 00:20:00,0,20,5,0,0.08715574274765817,0.9961946980917455,-0.9749279121818236,-0.2225209339563146,12.18,1,0.323,0.977
2026-08-15 00:25:00,0,25,5,0,0.10886687485196457,0.9940563382223196,-0.9749279121818236,-0.2225209339563146,8.89,2,1.099,0.836
2026-08-15 00:30:00,0,30,5,0,0.13052619222005157,0.9914448613738104,-0.9749279121818236,-0.2225209339563146,9.14,1,1.012,0.864
2026-08-15 00:35:00,0,35,5,0,0.15212338618991672,0.9883615104677607,-0.9749279121818236,-0.2225209339563146,5.34,1,0.977,1.108
2026-08-15 00:40:00,0,40,5,0,0.17364817766693033,0.984807753012208,-0.9749279121818236,-0.2225209339563146,8.62,1,0.836,1.107
2026-08-15 00:45:00,0,45,5,0,0.19509032201612825,0.9807852804032304,-0.9749279121818236,-0.2225209339563146,6.5,1,0.864,0.763
2026-08-15 00:50:00,0,50,5,0,0.21643961393810288,0.9762960071199334,-0.9749279121818236,-0.2225209339563146,15.77,1,1.108,0.748
2026-08-15 00:55:00,0,55,5,0,0.23768589232617307,0.9713420698132614,-0.9749279121818236,-0.2225209339563146,5.32,1,1.107,0.367
2026-08-15 01:00:00,1,0,5,0,0.25881904510252074,0.9659258262890683,-0.9749279121818236,-0.2225209339563146,9.93,2,0.763,0.144
2026-08-15 01:05:00,1,5,5,0,0.27982901403099203,0.9600498543859287,-0.9749279121818236,-0.2225209339563146,6.45,2,0.748,0.0
2026-08-15 01:10:00,1,10,5,0,0.3007057995042732,0.9537169507482269,-0.9749279121818236,-0.2225209339563146,7.33,1,0.367,0.726
2026-08-15 01:15:00,1,15,5,0,0.3214394653031616,0.9469301294951057,-0.9749279121818236,-0.2225209339563146,3.82,1,0.144,1.508
2026-08-15 01:20:00,1,20,5,0,0.3420201433256687,0.9396926207859084,-0.9749279121818236,-0.2225209339563146,7.28,0,0.0,1.489
2026-08-15 01:25:00,1,25,5,0,0.36243803828370164,0.9320078692827986,-0.9749279121818236,-0.2225209339563146,4.14,2,0.726,0.336
2026-08-15 01:30:00,1,30,5,0,0.3826834323650898,0.9238795325112867,-0.9749279121818236,-0.2225209339563146,21.08,4,1.508,0.908
2026-08-15 01:35:00,1,35,5,0,0.40274668985873724,0.9153114791194471,-0.9749279121818236,-0.2225209339563146,12.55,2,1.489,1.672
2026-08-15 01:40:00,1,40,5,0,0.4226182617406994,0.9063077870366499,-0.9749279121818236,-0.2225209339563146,9.36,0,0.336,0.47
2026-08-15 01:45:00,1,45,5,0,0.44228869021900125,0.8968727415326884,-0.9749279121818236,-0.2225209339563146,9.01,2,0.908,0.785
2026-08-15 01:50:00,1,50,5,0,0.46174861323503397,0.8870108331782217,-0.9749279121818236,-0.2225209339563146,12.81,2,1.672,0.983
2026-08-15 01:55:00,1,55,5,0,0.48098876891938763,0.8767267557075077,-0.9749279121818236,-0.2225209339563146,6.8,1,0.47,0.537
2026-08-15 02:00:00,2,0,5,0,0.49999999999999994,0.8660254037844387,-0.9749279121818236,-0.2225209339563146,7.23,1,0.785,0.565
2026-08-15 02:05:00,2,5,5,0,0.5187732581605214,0.8549118706729466,-0.9749279121818236,-0.2225209339563146,12.87,2,0.983,0.617
2026-08-15 02:10:00,2,10,5,0,0.5372996083468238,0.8433914458128857,-0.9749279121818236,-0.2225209339563146,6.58,2,0.537,1.6
2026-08-15 02:15:00,2,15,5,0,0.5555702330196022,0.8314696123025452,-0.9749279121818236,-0.2225209339563146,6.31,1,0.565,0.188
2026-08-15 02:20:00,2,20,5,0,0.5735764363510462,0.8191520442889918,-0.9749279121818236,-0.2225209339563146,4.97,1,0.617,1.426
2026-08-15 02:25:00,2,25,5,0,0.5913096483635824,0.8064446042674827,-0.9749279121818236,-0.2225209339563146,14.13,3,1.6,0.26
2026-08-15 02:30:00,2,30,5,0,0.6087614290087207,0.7933533402912352,-0.9749279121818236,-0.2225209339563146,5.3,1,0.188,0.019
2026-08-15 02:35:00,2,35,5,0,0.6259234721840591,0.7798844830928818,-0.9749279121818236,-0.2225209339563146,13.59,2,1.426,1.262
2026-08-15 02:40:00,2,40,5,0,0.6427876096865393,0.766044443118978,-0.9749279121818236,-0.2225209339563146,6.82,0,0.26,0.786
2026-08-15 02:45:00,2,45,5,0,0.6593458151000688,0.7518398074789774,-0.9749279121818236,-0.2225209339563146,4.91,0,0.019,0.609
2026-08-15 02:50:00,2,50,5,0,0.6755902076156602,0.7372773368101241,-0.9749279121818236,-0.2225209339563146,13.81,1,1.262,1.187
2026-08-15 02:55:00,2,55,5,0,0.6915130557822694,0.7223639620597556,-0.9749279121818236,-0.2225209339563146,11.73,2,0.786,0.937
2026-08-15 03:00:00,3,0,5,0,0.7071067811865476,0.7071067811865476,-0.9749279121818236,-0.2225209339563146,4.02,0,0.609,1.121
2026-08-15 03:05:00,3,5,5,0,0.7223639620597555,0.6915130557822694,-0.9749279121818236,-0.2225209339563146,12.67,1,1.187,1.038
2026-08-15 03:10:00,3,10,5,0,0.737277336810124,0.6755902076156602,-0.9749279121818236,-0.2225209339563146,9.51,2,0.937,0.487
2026-08-15 03:15:00,3,15,5,0,0.7518398074789774,0.6593458151000688,-0.9749279121818236,-0.2225209339563146,11.96,1,1.121,1.065
2026-08-15 03:20:00,3,20,5,0,0.766044443118978,0.6427876096865394,-0.9749279121818236,-0.2225209339563146,11.64,1,1.038,0.717
2026-08-15 03:25:00,3,25,5,0,0.7798844830928817,0.6259234721840591,-0.9749279121818236,-0.2225209339563146,10.51,0,0.487,0.547
2026-08-15 03:30:00,3,30,5,0,0.7933533402912352,0.6087614290087207,-0.9749279121818236,-0.2225209339563146,12.89,2,1.065,1.248
2026-08-15 03:35:00,3,35,5,0,0.8064446042674825,0.5913096483635825,-0.9749279121818236,-0.2225209339563146,10.1,1,0.717,0.607
2026-08-15 03:40:00,3,40,5,0,0.8191520442889917,0.5735764363510462,-0.9749279121818236,-0.2225209339563146,6.84,1,0.547,0.557
2026-08-15 03:45:00,3,45,5,0,0.8314696123025451,0.5555702330196024,-0.9749279121818236,-0.2225209339563146,9.65,1,1.248,1.115
2026-08-15 03:50:00,3,50,5,0,0.8433914458128856,0.5372996083468239,-0.9749279121818236,-0.2225209339563146,5.82,1,0.607,1.228
2026-08-15 03:55:00,3,55,5,0,0.8549118706729466,0.5187732581605216,-0.9749279121818236,-0.2225209339563146,6.84,1,0.557,2.048
2026-08-15 04:00:00,4,0,5,0,0.8660254037844386,0.5000000000000001,-0.9749279121818236,-0.2225209339563146,12.08,2,1.115,1.076
2026-08-15 04:05:00,4,5,5,0,0.8767267557075077,0.48098876891938774,-0.9749279121818236,-0.2225209339563146,16.42,1,1.228,0.602
2026-08-15 04:10:00,4,10,5,0,0.8870108331782217,0.46174861323503386,-0.9749279121818236,-0.2225209339563146,18.0,3,2.048,0.717
2026-08-15 04:15:00,4,15,5,0,0.8968727415326884,0.44228869021900125,-0.9749279121818236,-0.2225209339563146,14.42,2,1.076,0.804
2026-08-15 04:20:00,4,20,5,0,0.9063077870366498,0.4226182617406996,-0.9749279121818236,-0.2225209339563146,9.06,1,0.602,1.13
2026-08-15 04:25:00,4,25,5,0,0.9153114791194471,0.40274668985873724,-0.9749279121818236,-0.2225209339563146,7.86,2,0.717,1.191
2026-08-15 04:30:00,4,30,5,0,0.9238795325112867,0.38268343236508984,-0.9749279121818236,-0.2225209339563146,7.34,2,0.804,0.346
2026-08-15 04:35:00,4,35,5,0,0.9320078692827984,0.3624380382837017,-0.9749279121818236,-0.2225209339563146,12.69,1,1.13,0.512
2026-08-15 04:40:00,4,40,5,0,0.9396926207859084,0.3420201433256686,-0.9749279121818236,-0.2225209339563146,11.04,1,1.191,1.007
2026-08-15 04:45:00,4,45,5,0,0.9469301294951056,0.3214394653031617,-0.9749279121818236,-0.2225209339563146,5.27,1,0.346,1.153
2026-08-15 04:50:00,4,50,5,0,0.9537169507482268,0.3007057995042733,-0.9749279121818236,-0.2225209339563146,10.06,2,0.512,1.177
2026-08-15 04:55:00,4,55,5,0,0.9600498543859287,0.27982901403099203,-0.9749279121818236,-0.2225209339563146,10.2,1,1.007,0.14
2026-08-15 05:00:00,5,0,5,0,0.9659258262890683,0.25881904510252074,-0.9749279121818236,-0.2225209339563146,9.9,1,1.153,0.839
2026-08-15 05:05:00,5,5,5,0,0.9713420698132614,0.2376858923261731,-0.9749279121818236,-0.2225209339563146,14.83,2,1.177,0.473
2026-08-15 05:10:00,5,10,5,0,0.9762960071199334,0.2164396139381029,-0.9749279121818236,-0.2225209339563146,9.59,0,0.14,0.843
2026-08-15 05:15:00,5,15,5,0,0.9807852804032304,0.19509032201612833,-0.9749279121818236,-0.2225209339563146,12.92,1,0.839,0.079
2026-08-15 05:20:00,5,20,5,0,0.984807753012208,0.17364817766693041,-0.9749279121818236,-0.2225209339563146,7.07,0,0.473,0.371
2026-08-15 05:25:00,5,25,5,0,0.9883615104677607,0.1521233861899168,-0.9749279121818236,-0.2225209339563146,9.54,1,0.843,0.0
2026-08-15 05:30:00,5,30,5,0,0.9914448613738104,0.1305261922200517,-0.9749279121818236,-0.2225209339563146,2.43,0,0.079,0.281
2026-08-15 05:35:00,5,35,5,0,0.9940563382223196,0.10886687485196474,-0.9749279121818236,-0.2225209339563146,11.94,0,0.371,0.759
2026-08-15 05:40:00,5,40,5,0,0.9961946980917455,0.08715574274765814,-0.9749279121818236,-0.2225209339563146,7.0,1,0.0,1.131
2026-08-15 05:45:00,5,45,5,0,0.9978589232386035,0.06540312923014327,-0.9749279121818236,-0.2225209339563146,6.56,0,0.281,0.446
2026-08-15 05:50:00,5,50,5,0,0.9990482215818578,0.04361938736533601,-0.9749279121818236,-0.2225209339563146,7.04,2,0.759,0.811
2026-08-15 05:55:00,5,55,5,0,0.9997620270799091,0.021814885034560937,-0.9749279121818236,-0.2225209339563146,15.71,1,1.131,0.847
2026-08-15 06:00:00,6,0,5,0,1.0,6.123233995736766e-17,-0.9749279121818236,-0.2225209339563146,4.44,1,0.446,0.392
2026-08-15 06:05:00,6,5,5,0,0.9997620270799091,-0.02181488503456081,-0.9749279121818236,-0.2225209339563146,8.58,2,0.811,0.852
2026-08-15 06:10:00,6,10,5,0,0.9990482215818578,-0.04361938736533589,-0.9749279121818236,-0.2225209339563146,6.24,2,0.847,0.78
2026-08-15 06:15:00,6,15,5,0,0.9978589232386035,-0.06540312923014314,-0.9749279121818236,-0.2225209339563146,9.88,0,0.392,0.723
2026-08-15 06:20:00,6,20,5,0,0.9961946980917455,-0.08715574274765801,-0.9749279121818236,-0.2225209339563146,9.75,2,0.852,1.174
2026-08-15 06:25:00,6,25,5,0,0.9940563382223196,-0.10886687485196461,-0.9749279121818236,-0.2225209339563146,13.69,3,0.78,0.401
2026-08-15 06:30:00,6,30,5,0,0.9914448613738104,-0.1305261922200516,-0.9749279121818236,-0.2225209339563146,8.49,1,0.723,1.036
2026-08-15 06:35:00,6,35,5,0,0.9883615104677607,-0.1521233861899167,-0.9749279121818236,-0.2225209339563146,12.35,1,1.174,0.472
2026-08-15 06:40:00,6,40,5,0,0.984807753012208,-0.1736481776669303,-0.9749279121818236,-0.2225209339563146,6.76,0,0.401,1.171
2026-08-15 06:45:00,6,45,5,0,0.9807852804032304,-0.1950903220161282,-0.9749279121818236,-0.2225209339563146,15.4,1,1.036,0.764
2026-08-15 06:50:00,6,50,5,0,0.9762960071199334,-0.2164396139381028,-0.9749279121818236,-0.2225209339563146,9.21,1,0.472,1.477
2026-08-15 06:55:00,6,55,5,0,0.9713420698132614,-0.23768589232617318,-0.9749279121818236,-0.2225209339563146,9.37,1,1.171,0.613
2026-08-15 07:00:00,7,0,5,0,0.9659258262890683,-0.25881904510252063,-0.9749279121818236,-0.2225209339563146,7.75,1,0.764,1.363
2026-08-15 07:05:00,7,5,5,0,0.9600498543859287,-0.2798290140309919,-0.9749279121818236,-0.2225209339563146,19.35,3,1.477,0.792
2026-08-15 07:10:00,7,10,5,0,0.9537169507482269,-0.30070579950427295,-0.9749279121818236,-0.2225209339563146,7.45,0,0.613,0.175
2026-08-15 07:15:00,7,15,5,0,0.9469301294951057,-0.3214394653031616,-0.9749279121818236,-0.2225209339563146,13.48,2,1.363,0.0
2026-08-15 07:20:00,7,20,5,0,0.9396926207859084,-0.3420201433256685,-0.9749279121818236,-0.2225209339563146,8.9,1,0.792,0.674
2026-08-15 07:25:00,7,25,5,0,0.9320078692827986,-0.3624380382837016,-0.9749279121818236,-0.2225209339563146,7.25,0,0.175,1.971
2026-08-15 07:30:00,7,30,5,0,0.9238795325112868,-0.3826834323650895,-0.9749279121818236,-0.2225209339563146,0.0,1,0.0,0.301
2026-08-15 07:35:00,7,35,5,0,0.9153114791194472,-0.40274668985873713,-0.9749279121818236,-0.2225209339563146,7.86,2,0.674,0.628
2026-08-15 07:40:00,7,40,5,0,0.90630778703665,-0.42261826174069933,-0.9749279121818236,-0.2225209339563146,20.38,2,1.971,1.171
2026-08-15 07:45:00,7,45,5,0,0.8968727415326884,-0.44228869021900113,-0.9749279121818236,-0.2225209339563146,7.57,0,0.301,1.53
2026-08-15 07:50:00,7,50,5,0,0.8870108331782218,-0.4617486132350338,-0.9749279121818236,-0.2225209339563146,8.74,1,0.628,0.463
2026-08-15 07:55:00,7,55,5,0,0.8767267557075076,-0.48098876891938785,-0.9749279121818236,-0.2225209339563146,12.34,1,1.171,0.738
2026-08-15 08:00:00,8,0,5,0,0.8660254037844387,-0.4999999999999998,-0.9749279121818236,-0.2225209339563146,13.98,4,1.53,1.064
2026-08-15 08:05:00,8,5,5,0,0.8549118706729465,-0.5187732581605216,-0.9749279121818236,-0.2225209339563146,8.13,1,0.463,0.0
2026-08-15 08:10:00,8,10,5,0,0.8433914458128858,-0.5372996083468236,-0.9749279121818236,-0.2225209339563146,10.8,1,0.738,0.456
2026-08-15 08:15:00,8,15,5,0,0.8314696123025451,-0.5555702330196023,-0.9749279121818236,-0.2225209339563146,10.91,1,1.064,0.988
2026-08-15 08:20:00,8,20,5,0,0.8191520442889917,-0.5735764363510462,-0.9749279121818236,-0.2225209339563146,5.95,0,0.0,0.0
2026-08-15 08:25:00,8,25,5,0,0.8064446042674828,-0.5913096483635821,-0.9749279121818236,-0.2225209339563146,5.74,0,0.456,1.285
2026-08-15 08:30:00,8,30,5,0,0.7933533402912352,-0.6087614290087207,-0.9749279121818236,-0.2225209339563146,14.84,2,0.988,0.458
2026-08-15 08:35:00,8,35,5,0,0.7798844830928817,-0.6259234721840591,-0.9749279121818236,-0.2225209339563146,4.49,0,0.0,0.668
2026-08-15 08:40:00,8,40,5,0,0.7660444431189783,-0.642787609686539,-0.9749279121818236,-0.2225209339563146,12.58,1,1.285,0.326
2026-08-15 08:45:00,8,45,5,0,0.7518398074789774,-0.6593458151000688,-0.9749279121818236,-0.2225209339563146,6.75,1,0.458,1.195
2026-08-15 08:50:00,8,50,5,0,0.7372773368101241,-0.6755902076156602,-0.9749279121818236,-0.2225209339563146,15.33,2,0.668,1.424
2026-08-15 08:55:00,8,55,5,0,0.7223639620597556,-0.6915130557822693,-0.9749279121818236,-0.2225209339563146,8.31,1,0.326,0.793
2026-08-15 09:00:00,9,0,5,0,0.7071067811865476,-0.7071067811865475,-0.9749279121818236,-0.2225209339563146,13.56,3,1.195,0.344
2026-08-15 09:05:00,9,5,5,0,0.6915130557822694,-0.7223639620597555,-0.9749279121818236,-0.2225209339563146,16.65,3,1.424,0.71
2026-08-15 09:10:00,9,10,5,0,0.6755902076156604,-0.737277336810124,-0.9749279121818236,-0.2225209339563146,11.79,2,0.793,1.628
2026-08-15 09:15:00,9,15,5,0,0.659345815100069,-0.7518398074789773,-0.9749279121818236,-0.2225209339563146,4.84,0,0.344,1.17
2026-08-15 09:20:00,9,20,5,0,0.6427876096865391,-0.7660444431189782,-0.9749279121818236,-0.2225209339563146,9.8,1,0.71,0.694
2026-08-15 09:25:00,9,25,5,0,0.6259234721840592,-0.7798844830928817,-0.9749279121818236,-0.2225209339563146,16.14,3,1.628,1.866
2026-08-15 09:30:00,9,30,5,0,0.6087614290087209,-0.793353340291235,-0.9749279121818236,-0.2225209339563146,10.01,2,1.17,1.007
2026-08-15 09:35:00,9,35,5,0,0.5913096483635822,-0.8064446042674827,-0.9749279121818236,-0.2225209339563146,13.93,1,0.694,1.253
2026-08-15 09:40:00,9,40,5,0,0.5735764363510464,-0.8191520442889916,-0.9749279121818236,-0.2225209339563146,18.82,3,1.866,0.488
2026-08-15 09:45:00,9,45,5,0,0.5555702330196025,-0.831469612302545,-0.9749279121818236,-0.2225209339563146,14.1,1,1.007,3.334
2026-08-15 09:50:00,9,50,5,0,0.5372996083468238,-0.8433914458128857,-0.9749279121818236,-0.2225209339563146,10.96,2,1.253,3.329
2026-08-15 09:55:00,9,55,5,0,0.5187732581605218,-0.8549118706729464,-0.9749279121818236,-0.2225209339563146,11.31,1,0.488,2.919
2026-08-15 10:00:00,10,0,5,0,0.49999999999999994,-0.8660254037844387,-0.9749279121818236,-0.2225209339563146,39.79,5,3.334,3.542
2026-08-15 10:05:00,10,5,5,0,0.48098876891938763,-0.8767267557075077,-0.9749279121818236,-0.2225209339563146,42.09,4,3.329,3.415
2026-08-15 10:10:00,10,10,5,0,0.4617486132350339,-0.8870108331782217,-0.9749279121818236,-0.2225209339563146,37.38,5,2.919,2.317
2026-08-15 10:15:00,10,15,5,0,0.4422886902190017,-0.8968727415326881,-0.9749279121818236,-0.2225209339563146,38.82,5,3.542,3.379
2026-08-15 10:20:00,10,20,5,0,0.4226182617406995,-0.9063077870366499,-0.9749279121818236,-0.2225209339563146,37.78,5,3.415,3.083
2026-08-15 10:25:00,10,25,5,0,0.4027466898587373,-0.9153114791194471,-0.9749279121818236,-0.2225209339563146,34.11,3,2.317,3.331
2026-08-15 10:30:00,10,30,5,0,0.3826834323650899,-0.9238795325112867,-0.9749279121818236,-0.2225209339563146,37.96,5,3.379,3.15
2026-08-15 10:35:00,10,35,5,0,0.36243803828370136,-0.9320078692827987,-0.9749279121818236,-0.2225209339563146,35.21,4,3.083,2.733
2026-08-15 10:40:00,10,40,5,0,0.3420201433256689,-0.9396926207859083,-0.9749279121818236,-0.2225209339563146,40.58,4,3.331,2.198
2026-08-15 10:45:00,10,45,5,0,0.32143946530316175,-0.9469301294951056,-0.9749279121818236,-0.2225209339563146,39.12,5,3.15,4.362
2026-08-15 10:50:00,10,50,5,0,0.30070579950427334,-0.9537169507482268,-0.9749279121818236,-0.2225209339563146,31.6,4,2.733,3.13
2026-08-15 10:55:00,10,55,5,0,0.2798290140309927,-0.9600498543859285,-0.9749279121818236,-0.2225209339563146,36.49,3,2.198,2.526
2026-08-15 11:00:00,11,0,5,0,0.258819045102521,-0.9659258262890682,-0.9749279121818236,-0.2225209339563146,42.85,6,4.362,4.018
2026-08-15 11:05:00,11,5,5,0,0.23768589232617293,-0.9713420698132614,-0.9749279121818236,-0.2225209339563146,37.17,4,3.13,3.047
2026-08-15 11:10:00,11,10,5,0,0.21643961393810318,-0.9762960071199333,-0.9749279121818236,-0.2225209339563146,32.82,3,2.526,3.029
2026-08-15 11:15:00,11,15,5,0,0.19509032201612816,-0.9807852804032304,-0.9749279121818236,-0.2225209339563146,45.38,7,4.018,3.139
2026-08-15 11:20:00,11,20,5,0,0.17364817766693028,-0.984807753012208,-0.9749279121818236,-0.2225209339563146,39.31,5,3.047,2.627
2026-08-15 11:25:00,11,25,5,0,0.15212338618991708,-0.9883615104677607,-0.9749279121818236,-0.2225209339563146,37.78,4,3.029,3.558
2026-08-15 11:30:00,11,30,5,0,0.130526192220052,-0.9914448613738104,-0.9749279121818236,-0.2225209339563146,31.58,6,3.139,2.826
2026-08-15 11:35:00,11,35,5,0,0.10886687485196457,-0.9940563382223196,-0.9749279121818236,-0.2225209339563146,33.62,3,2.627,3.306
2026-08-15 11:40:00,11,40,5,0,0.0871557427476582,-0.9961946980917455,-0.9749279121818236,-0.2225209339563146,49.11,5,3.558,3.545
2026-08-15 11:45:00,11,45,5,0,0.06540312923014312,-0.9978589232386035,-0.9749279121818236,-0.2225209339563146,40.06,5,2.826,3.693
2026-08-15 11:50:00,11,50,5,0,0.043619387365335625,-0.9990482215818578,-0.9749279121818236,-0.2225209339563146,42.03,5,3.306,3.209
2026-08-15 11:55:00,11,55,5,0,0.021814885034561218,-0.9997620270799091,-0.9749279121818236,-0.2225209339563146,40.93,5,3.545,2.902
2026-08-15 12:00:00,12,0,5,0,1.2246467991473532e-16,-1.0,-0.9749279121818236,-0.2225209339563146,48.74,5,3.693,2.53
2026-08-15 12:05:00,12,5,5,0,-0.021814885034560975,-0.9997620270799091,-0.9749279121818236,-0.2225209339563146,36.5,4,3.209,3.587
2026-08-15 12:10:00,12,10,5,0,-0.04361938736533538,-0.9990482215818578,-0.9749279121818236,-0.2225209339563146,39.32,5,2.902,3.318
2026-08-15 12:15:00,12,15,5,0,-0.06540312923014287,-0.9978589232386035,-0.9749279121818236,-0.2225209339563146,31.7,3,2.53,3.433
2026-08-15 12:20:00,12,20,5,0,-0.08715574274765794,-0.9961946980917455,-0.9749279121818236,-0.2225209339563146,41.72,6,3.587,3.384
2026-08-15 12:25:00,12,25,5,0,-0.10886687485196432,-0.9940563382223196,-0.9749279121818236,-0.2225209339563146,38.7,4,3.318,2.69
2026-08-15 12:30:00,12,30,5,0,-0.13052619222005177,-0.9914448613738104,-0.9749279121818236,-0.2225209339563146,42.84,5,3.433,3.314
2026-08-15 12:35:00,12,35,5,0,-0.15212338618991683,-0.9883615104677607,-0.9749279121818236,-0.2225209339563146,43.76,5,3.384,3.28
2026-08-15 12:40:00,12,40,5,0,-0.17364817766693003,-0.9848077530122081,-0.9749279121818236,-0.2225209339563146,38.66,4,2.69,2.572
2026-08-15 12:45:00,12,45,5,0,-0.19509032201612792,-0.9807852804032305,-0.9749279121818236,-0.2225209339563146,40.57,4,3.314,2.928
2026-08-15 12:50:00,12,50,5,0,-0.21643961393810293,-0.9762960071199334,-0.9749279121818236,-0.2225209339563146,39.92,4,3.28,3.72
2026-08-15 12:55:00,12,55,5,0,-0.2376858923261727,-0.9713420698132615,-0.9749279121818236,-0.2225209339563146,38.25,3,2.572,2.923
2026-08-15 13:00:00,13,0,5,0,-0.2588190451025208,-0.9659258262890683,-0.9749279121818236,-0.2225209339563146,42.44,6,2.928,2.712
2026-08-15 13:05:00,13,5,5,0,-0.2798290140309925,-0.9600498543859286,-0.9749279121818236,-0.2225209339563146,46.17,5,3.72,4.203
2026-08-15 13:10:00,13,10,5,0,-0.30070579950427306,-0.9537169507482269,-0.9749279121818236,-0.2225209339563146,36.03,4,2.923,3.013
2026-08-15 13:15:00,13,15,5,0,-0.32143946530316153,-0.9469301294951057,-0.9749279121818236,-0.2225209339563146,33.07,4,2.712,3.318
2026-08-15 13:20:00,13,20,5,0,-0.34202014332566866,-0.9396926207859084,-0.9749279121818236,-0.2225209339563146,43.83,7,4.203,3.266
2026-08-15 13:25:00,13,25,5,0,-0.36243803828370114,-0.9320078692827987,-0.9749279121818236,-0.2225209339563146,40.34,6,3.013,2.543
2026-08-15 13:30:00,13,30,5,0,-0.38268343236508967,-0.9238795325112868,-0.9749279121818236,-0.2225209339563146,42.51,4,3.318,2.975
2026-08-15 13:35:00,13,35,5,0,-0.4027466898587371,-0.9153114791194472,-0.9749279121818236,-0.2225209339563146,34.43,4,3.266,3.673
2026-08-15 13:40:00,13,40,5,0,-0.4226182617406993,-0.90630778703665,-0.9749279121818236,-0.2225209339563146,34.89,5,2.543,2.917
2026-08-15 13:45:00,13,45,5,0,-0.44228869021900147,-0.8968727415326883,-0.9749279121818236,-0.2225209339563146,36.93,6,2.975,3.808
2026-08-15 13:50:00,13,50,5,0,-0.46174861323503413,-0.8870108331782216,-0.9749279121818236,-0.2225209339563146,41.93,8,3.673,2.766
2026-08-15 13:55:00,13,55,5,0,-0.4809887689193874,-0.8767267557075078,-0.9749279121818236,-0.2225209339563146,40.3,4,2.917,3.559
2026-08-15 14:00:00,14,0,5,0,-0.4999999999999997,-0.8660254037844388,-0.9749279121818236,-0.2225209339563146,38.08,6,3.808,2.468
2026-08-15 14:05:00,14,5,5,0,-0.5187732581605216,-0.8549118706729465,-0.9749279121818236,-0.2225209339563146,39.84,5,2.766,3.097
2026-08-15 14:10:00,14,10,5,0,-0.5372996083468236,-0.8433914458128858,-0.9749279121818236,-0.2225209339563146,46.69,5,3.559,3.175
2026-08-15 14:15:00,14,15,5,0,-0.555570233019602,-0.8314696123025455,-0.9749279121818236,-0.2225209339563146,37.06,3,2.468,3.108
2026-08-15 14:20:00,14,20,5,0,-0.5735764363510458,-0.819152044288992,-0.9749279121818236,-0.2225209339563146,38.97,4,3.097,3.588
2026-08-15 14:25:00,14,25,5,0,-0.5913096483635824,-0.8064446042674825,-0.9749279121818236,-0.2225209339563146,37.4,4,3.175,3.462
2026-08-15 14:30:00,14,30,5,0,-0.6087614290087207,-0.7933533402912352,-0.9749279121818236,-0.2225209339563146,38.91,4,3.108,3.251
2026-08-15 14:35:00,14,35,5,0,-0.6259234721840591,-0.7798844830928818,-0.9749279121818236,-0.2225209339563146,42.35,7,3.588,2.781
2026-08-15 14:40:00,14,40,5,0,-0.6427876096865389,-0.7660444431189783,-0.9749279121818236,-0.2225209339563146,41.57,5,3.462,3.409
2026-08-15 14:45:00,14,45,5,0,-0.6593458151000688,-0.7518398074789774,-0.9749279121818236,-0.2225209339563146,42.33,6,3.251,3.102
2026-08-15 14:50:00,14,50,5,0,-0.6755902076156601,-0.7372773368101241,-0.9749279121818236,-0.2225209339563146,37.23,5,2.781,2.935
2026-08-15 14:55:00,14,55,5,0,-0.691513055782269,-0.722363962059756,-0.9749279121818236,-0.2225209339563146,44.14,5,3.409,2.919
2026-08-15 15:00:00,15,0,5,0,-0.7071067811865471,-0.7071067811865479,-0.9749279121818236,-0.2225209339563146,43.19,5,3.102,2.829
2026-08-15 15:05:00,15,5,5,0,-0.7223639620597557,-0.6915130557822692,-0.9749279121818236,-0.2225209339563146,35.11,6,2.935,2.665
2026-08-15 15:10:00,15,10,5,0,-0.7372773368101239,-0.6755902076156604,-0.9749279121818236,-0.2225209339563146,36.52,4,2.919,3.339
2026-08-15 15:15:00,15,15,5,0,-0.7518398074789773,-0.6593458151000691,-0.9749279121818236,-0.2225209339563146,35.33,4,2.829,2.616
2026-08-15 15:20:00,15,20,5,0,-0.7660444431189779,-0.6427876096865395,-0.9749279121818236,-0.2225209339563146,41.09,3,2.665,2.909
2026-08-15 15:25:00,15,25,5,0,-0.7798844830928814,-0.6259234721840596,-0.9749279121818236,-0.2225209339563146,36.47,5,3.339,3.916
2026-08-15 15:30:00,15,30,5,0,-0.7933533402912349,-0.6087614290087209,-0.9749279121818236,-0.2225209339563146,36.94,3,2.616,3.099
2026-08-15 15:35:00,15,35,5,0,-0.8064446042674827,-0.5913096483635822,-0.9749279121818236,-0.2225209339563146,35.4,4,2.909,3.136
2026-08-15 15:40:00,15,40,5,0,-0.8191520442889916,-0.5735764363510464,-0.9749279121818236,-0.2225209339563146,42.2,5,3.916,2.946
2026-08-15 15:45:00,15,45,5,0,-0.8314696123025452,-0.5555702330196022,-0.9749279121818236,-0.2225209339563146,46.22,4,3.099,3.426
2026-08-15 15:50:00,15,50,5,0,-0.8433914458128859,-0.5372996083468234,-0.9749279121818236,-0.2225209339563146,40.87,5,3.136,1.159
2026-08-15 15:55:00,15,55,5,0,-0.8549118706729466,-0.5187732581605214,-0.9749279121818236,-0.2225209339563146,44.16,7,2.946,1.028
2026-08-15 16:00:00,16,0,5,0,-0.8660254037844385,-0.5000000000000004,-0.9749279121818236,-0.2225209339563146,36.33,5,3.426,0.541
2026-08-15 16:05:00,16,5,5,0,-0.8767267557075072,-0.48098876891938847,-0.9749279121818236,-0.2225209339563146,9.09,1,1.159,1.81
2026-08-15 16:10:00,16,10,5,0,-0.8870108331782218,-0.4617486132350336,-0.9749279121818236,-0.2225209339563146,14.12,2,1.028,1.25
2026-08-15 16:15:00,16,15,5,0,-0.8968727415326883,-0.44228869021900136,-0.9749279121818236,-0.2225209339563146,8.68,1,0.541,0.511
2026-08-15 16:20:00,16,20,5,0,-0.9063077870366497,-0.42261826174069994,-0.9749279121818236,-0.2225209339563146,19.53,2,1.81,1.067
2026-08-15 16:25:00,16,25,5,0,-0.9153114791194471,-0.40274668985873735,-0.9749279121818236,-0.2225209339563146,10.42,1,1.25,0.723
2026-08-15 16:30:00,16,30,5,0,-0.9238795325112868,-0.3826834323650895,-0.9749279121818236,-0.2225209339563146,10.43,1,0.511,1.375
2026-08-15 16:35:00,16,35,5,0,-0.9320078692827984,-0.3624380382837018,-0.9749279121818236,-0.2225209339563146,11.44,1,1.067,0.0
2026-08-15 16:40:00,16,40,5,0,-0.9396926207859084,-0.34202014332566855,-0.9749279121818236,-0.2225209339563146,6.62,1,0.723,0.788
2026-08-15 16:45:00,16,45,5,0,-0.9469301294951056,-0.3214394653031618,-0.9749279121818236,-0.2225209339563146,17.14,2,1.375,1.53
2026-08-15 16:50:00,16,50,5,0,-0.9537169507482267,-0.3007057995042738,-0.9749279121818236,-0.2225209339563146,8.38,0,0.0,0.667
2026-08-15 16:55:00,16,55,5,0,-0.9600498543859286,-0.27982901403099236,-0.9749279121818236,-0.2225209339563146,8.28,2,0.788,0.713
2026-08-15 17:00:00,17,0,5,0,-0.9659258262890683,-0.25881904510252063,-0.9749279121818236,-0.2225209339563146,17.23,2,1.53,0.515
2026-08-15 17:05:00,17,5,5,0,-0.9713420698132613,-0.23768589232617343,-0.9749279121818236,-0.2225209339563146,11.59,1,0.667,1.107
2026-08-15 17:10:00,17,10,5,0,-0.9762960071199334,-0.21643961393810282,-0.9749279121818236,-0.2225209339563146,4.41,2,0.713,1.022
2026-08-15 17:15:00,17,15,5,0,-0.9807852804032303,-0.19509032201612866,-0.9749279121818236,-0.2225209339563146,9.59,1,0.515,0.329
2026-08-15 17:20:00,17,20,5,0,-0.9848077530122079,-0.1736481776669312,-0.9749279121818236,-0.2225209339563146,13.89,1,1.107,0.16
2026-08-15 17:25:00,17,25,5,0,-0.9883615104677608,-0.15212338618991628,-0.9749279121818236,-0.2225209339563146,13.51,3,1.022,0.446
2026-08-15 17:30:00,17,30,5,0,-0.9914448613738104,-0.13052619222005163,-0.9749279121818236,-0.2225209339563146,6.14,0,0.329,0.0
2026-08-15 17:35:00,17,35,5,0,-0.9940563382223195,-0.10886687485196507,-0.9749279121818236,-0.2225209339563146,3.89,0,0.16,0.936
2026-08-15 17:40:00,17,40,5,0,-0.9961946980917455,-0.08715574274765825,-0.9749279121818236,-0.2225209339563146,8.35,0,0.446,0.423
2026-08-15 17:45:00,17,45,5,0,-0.9978589232386035,-0.06540312923014273,-0.9749279121818236,-0.2225209339563146,2.1,2,0.0,1.206
2026-08-15 17:50:00,17,50,5,0,-0.9990482215818578,-0.04361938736533613,-0.9749279121818236,-0.2225209339563146,14.76,1,0.936,1.989
2026-08-15 17:55:00,17,55,5,0,-0.9997620270799091,-0.021814885034560836,-0.9749279121818236,-0.2225209339563146,8.55,1,0.423,0.904
2026-08-15 18:00:00,18,0,5,0,-1.0,-1.8369701987210297e-16,-0.9749279121818236,-0.2225209339563146,11.44,1,1.206,0.0
2026-08-15 18:05:00,18,5,5,0,-0.9997620270799091,0.021814885034560468,-0.9749279121818236,-0.2225209339563146,15.16,3,1.989,0.693
2026-08-15 18:10:00,18,10,5,0,-0.9990482215818578,0.043619387365335764,-0.9749279121818236,-0.2225209339563146,8.36,2,0.904,1.431
2026-08-15 18:15:00,18,15,5,0,-0.9978589232386036,0.06540312923014237,-0.9749279121818236,-0.2225209339563146,4.12,0,0.0,0.879
2026-08-15 18:20:00,18,20,5,0,-0.9961946980917455,0.08715574274765789,-0.9749279121818236,-0.2225209339563146,12.71,2,0.693,0.998
2026-08-15 18:25:00,18,25,5,0,-0.9940563382223196,0.10886687485196471,-0.9749279121818236,-0.2225209339563146,13.29,2,1.431,1.173
2026-08-15 18:30:00,18,30,5,0,-0.9914448613738105,0.13052619222005127,-0.9749279121818236,-0.2225209339563146,7.58,1,0.879,1.106
2026-08-15 18:35:00,18,35,5,0,-0.9883615104677609,0.15212338618991592,-0.9749279121818236,-0.2225209339563146,7.25,1,0.998,0.75
2026-08-15 18:40:00,18,40,5,0,-0.984807753012208,0.17364817766693083,-0.9749279121818236,-0.2225209339563146,15.29,2,1.173,0.503
2026-08-15 18:45:00,18,45,5,0,-0.9807852804032304,0.1950903220161283,-0.9749279121818236,-0.2225209339563146,12.79,1,1.106,0.888
2026-08-15 18:50:00,18,50,5,0,-0.9762960071199335,0.21643961393810246,-0.9749279121818236,-0.2225209339563146,13.06,3,0.75,1.083
2026-08-15 18:55:00,18,55,5,0,-0.9713420698132614,0.23768589232617307,-0.9749279121818236,-0.2225209339563146,9.48,0,0.503,0.52
2026-08-15 19:00:00,19,0,5,0,-0.9659258262890684,0.2588190451025203,-0.9749279121818236,-0.2225209339563146,13.9,1,0.888,0.251
2026-08-15 19:05:00,19,5,5,0,-0.9600498543859287,0.279829014030992,-0.9749279121818236,-0.2225209339563146,8.91,1,1.083,0.512
2026-08-15 19:10:00,19,10,5,0,-0.9537169507482268,0.30070579950427345,-0.9749279121818236,-0.2225209339563146,8.96,0,0.52,1.21
2026-08-15 19:15:00,19,15,5,0,-0.9469301294951057,0.3214394653031615,-0.9749279121818236,-0.2225209339563146,3.96,1,0.251,0.076
2026-08-15 19:20:00,19,20,5,0,-0.9396926207859085,0.34202014332566816,-0.9749279121818236,-0.2225209339563146,10.89,1,0.512,0.551
2026-08-15 19:25:00,19,25,5,0,-0.9320078692827986,0.36243803828370147,-0.9749279121818236,-0.2225209339563146,14.34,1,1.21,1.137
2026-08-15 19:30:00,19,30,5,0,-0.923879532511287,0.38268343236508917,-0.9749279121818236,-0.2225209339563146,3.56,0,0.076,0.404
2026-08-15 19:35:00,19,35,5,0,-0.9153114791194472,0.402746689858737,-0.9749279121818236,-0.2225209339563146,7.84,0,0.551,0.891
2026-08-15 19:40:00,19,40,5,0,-0.9063077870366498,0.4226182617406996,-0.9749279121818236,-0.2225209339563146,14.9,1,1.137,0.92
2026-08-15 19:45:00,19,45,5,0,-0.8968727415326884,0.442288690219001,-0.9749279121818236,-0.2225209339563146,6.91,0,0.404,2.782
2026-08-15 19:50:00,19,50,5,0,-0.887010833178222,0.46174861323503325,-0.9749279121818236,-0.2225209339563146,13.65,3,0.891,1.687
2026-08-15 19:55:00,19,55,5,0,-0.8767267557075075,0.48098876891938813,-0.9749279121818236,-0.2225209339563146,8.61,1,0.92,1.652
2026-08-15 20:00:00,20,0,5,0,-0.8660254037844386,0.5000000000000001,-0.9749279121818236,-0.2225209339563146,31.35,4,2.782,2.49
2026-08-15 20:05:00,20,5,5,0,-0.8549118706729468,0.5187732581605211,-0.9749279121818236,-0.2225209339563146,23.19,3,1.687,2.867
2026-08-15 20:10:00,20,10,5,0,-0.8433914458128857,0.5372996083468239,-0.9749279121818236,-0.2225209339563146,28.9,2,1.652,1.606
2026-08-15 20:15:00,20,15,5,0,-0.8314696123025455,0.5555702330196018,-0.9749279121818236,-0.2225209339563146,34.55,6,2.49,2.111
2026-08-15 20:20:00,20,20,5,0,-0.8191520442889918,0.573576436351046,-0.9749279121818236,-0.2225209339563146,35.1,4,2.867,1.89
2026-08-15 20:25:00,20,25,5,0,-0.8064446042674829,0.591309648363582,-0.9749279121818236,-0.2225209339563146,23.47,2,1.606,2.847
2026-08-15 20:30:00,20,30,5,0,-0.7933533402912357,0.6087614290087199,-0.9749279121818236,-0.2225209339563146,27.49,3,2.111,1.665
2026-08-15 20:35:00,20,35,5,0,-0.7798844830928816,0.6259234721840593,-0.9749279121818236,-0.2225209339563146,29.24,2,1.89,2.029
2026-08-15 20:40:00,20,40,5,0,-0.7660444431189781,0.6427876096865393,-0.9749279121818236,-0.2225209339563146,32.57,4,2.847,2.906
2026-08-15 20:45:00,20,45,5,0,-0.7518398074789772,0.6593458151000691,-0.9749279121818236,-0.2225209339563146,25.03,3,1.665,2.428
2026-08-15 20:50:00,20,50,5,0,-0.7372773368101242,0.6755902076156601,-0.9749279121818236,-0.2225209339563146,25.62,3,2.029,2.289
2026-08-15 20:55:00,20,55,5,0,-0.7223639620597554,0.6915130557822695,-0.9749279121818236,-0.2225209339563146,29.37,4,2.906,2.676
2026-08-15 21:00:00,21,0,5,0,-0.7071067811865477,0.7071067811865474,-0.9749279121818236,-0.2225209339563146,32.43,3,2.428,2.379
2026-08-15 21:05:00,21,5,5,0,-0.6915130557822698,0.7223639620597551,-0.9749279121818236,-0.2225209339563146,32.64,3,2.289,1.896
2026-08-15 21:10:00,21,10,5,0,-0.6755902076156598,0.7372773368101244,-0.9749279121818236,-0.2225209339563146,33.37,5,2.676,2.225
2026-08-15 21:15:00,21,15,5,0,-0.6593458151000687,0.7518398074789775,-0.9749279121818236,-0.2225209339563146,35.4,3,2.379,2.307
2026-08-15 21:20:00,21,20,5,0,-0.6427876096865396,0.7660444431189778,-0.9749279121818236,-0.2225209339563146,28.58,2,1.896,2.697
2026-08-15 21:25:00,21,25,5,0,-0.625923472184059,0.7798844830928818,-0.9749279121818236,-0.2225209339563146,27.2,3,2.225,2.176
2026-08-15 21:30:00,21,30,5,0,-0.608761429008721,0.7933533402912349,-0.9749279121818236,-0.2225209339563146,34.37,3,2.307,1.901
2026-08-15 21:35:00,21,35,5,0,-0.591309648363583,0.8064446042674821,-0.9749279121818236,-0.2225209339563146,30.96,4,2.697,2.579
2026-08-15 21:40:00,21,40,5,0,-0.5735764363510465,0.8191520442889916,-0.9749279121818236,-0.2225209339563146,30.25,3,2.176,2.255
2026-08-15 21:45:00,21,45,5,0,-0.555570233019603,0.8314696123025447,-0.9749279121818236,-0.2225209339563146,25.25,2,1.901,2.074
2026-08-15 21:50:00,21,50,5,0,-0.537299608346825,0.8433914458128849,-0.9749279121818236,-0.2225209339563146,30.02,3,2.579,2.366
2026-08-15 21:55:00,21,55,5,0,-0.5187732581605214,0.8549118706729466,-0.9749279121818236,-0.2225209339563146,23.87,4,2.255,2.603
2026-08-15 22:00:00,22,0,5,0,-0.5000000000000004,0.8660254037844384,-0.9749279121818236,-0.2225209339563146,27.89,4,2.074,1.968
2026-08-15 22:05:00,22,5,5,0,-0.48098876891938774,0.8767267557075077,-0.9749279121818236,-0.2225209339563146,27.16,3,2.366,2.669
2026-08-15 22:10:00,22,10,5,0,-0.46174861323503363,0.8870108331782218,-0.9749279121818236,-0.2225209339563146,32.73,4,2.603,2.702
2026-08-15 22:15:00,22,15,5,0,-0.4422886902190014,0.8968727415326883,-0.9749279121818236,-0.2225209339563146,26.08,2,1.968,1.621
2026-08-15 22:20:00,22,20,5,0,-0.4226182617407,0.9063077870366497,-0.9749279121818236,-0.2225209339563146,33.7,5,2.669,2.217
2026-08-15 22:25:00,22,25,5,0,-0.40274668985873663,0.9153114791194474,-0.9749279121818236,-0.2225209339563146,33.86,5,2.702,2.436
2026-08-15 22:30:00,22,30,5,0,-0.38268343236508956,0.9238795325112868,-0.9749279121818236,-0.2225209339563146,26.92,2,1.621,2.491
2026-08-15 22:35:00,22,35,5,0,-0.36243803828370186,0.9320078692827984,-0.9749279121818236,-0.2225209339563146,24.74,3,2.217,1.891
2026-08-15 22:40:00,22,40,5,0,-0.3420201433256686,0.9396926207859084,-0.9749279121818236,-0.2225209339563146,32.75,4,2.436,2.575
2026-08-15 22:45:00,22,45,5,0,-0.32143946530316186,0.9469301294951056,-0.9749279121818236,-0.2225209339563146,31.37,3,2.491,2.08
2026-08-15 22:50:00,22,50,5,0,-0.30070579950427384,0.9537169507482267,-0.9749279121818236,-0.2225209339563146,27.21,2,1.891,2.613
2026-08-15 22:55:00,22,55,5,0,-0.2798290140309924,0.9600498543859286,-0.9749279121818236,-0.2225209339563146,33.02,4,2.575,2.116
2026-08-15 23:00:00,23,0,5,0,-0.25881904510252157,0.9659258262890681,-0.9749279121818236,-0.2225209339563146,31.28,4,2.08,1.686
2026-08-15 23:05:00,23,5,5,0,-0.23768589232617435,0.9713420698132611,-0.9749279121818236,-0.2225209339563146,36.82,4,2.613,2.531
2026-08-15 23:10:00,23,10,5,0,-0.21643961393810288,0.9762960071199334,-0.9749279121818236,-0.2225209339563146,27.49,3,2.116,2.251
2026-08-15 23:15:00,23,15,5,0,-0.19509032201612872,0.9807852804032303,-0.9749279121818236,-0.2225209339563146,22.08,3,1.686,2.444
2026-08-15 23:20:00,23,20,5,0,-0.1736481776669304,0.984807753012208,-0.9749279121818236,-0.2225209339563146,33.83,4,2.531,2.837
2026-08-15 23:25:00,23,25,5,0,-0.1521233861899172,0.9883615104677607,-0.9749279121818236,-0.2225209339563146,30.34,4,2.251,1.959
2026-08-15 23:30:00,23,30,5,0,-0.13052619222005168,0.9914448613738104,-0.9749279121818236,-0.2225209339563146,31.65,3,2.444,2.593
2026-08-15 23:35:00,23,35,5,0,-0.10886687485196514,0.9940563382223195,-0.9749279121818236,-0.2225209339563146,29.32,4,2.837,2.571
2026-08-15 23:40:00,23,40,5,0,-0.08715574274765743,0.9961946980917455,-0.9749279121818236,-0.2225209339563146,32.48,3,1.959,2.488
2026-08-15 23:45:00,23,45,5,0,-0.0654031292301428,0.9978589232386035,-0.9749279121818236,-0.2225209339563146,30.16,3,2.593,0.555
2026-08-15 23:50:00,23,50,5,0,-0.043619387365336194,0.9990482215818578,-0.9749279121818236,-0.2225209339563146,30.54,3,2.571,0.513
2026-08-15 23:55:00,23,55,5,0,-0.0218148850345609,0.9997620270799091,-0.9749279121818236,-0.2225209339563146,35.63,3,2.488,1.185
2026-08-16 00:00:00,0,0,6,0,0.0,1.0,-0.7818314824680299,0.6234898018587334,11.72,0,0.555,0.438
2026-08-16 00:05:00,0,5,6,0,0.02181488503456112,0.9997620270799091,-0.7818314824680299,0.6234898018587334,14.83,0,0.513,0.0
2026-08-16 00:10:00,0,10,6,0,0.043619387365336,0.9990482215818578,-0.7818314824680299,0.6234898018587334,12.81,2,1.185,0.313
2026-08-16 00:15:00,0,15,6,0,0.06540312923014306,0.9978589232386035,-0.7818314824680299,0.6234898018587334,10.66,3,0.438,1.062
2026-08-16 00:20:00,0,20,6,0,0.08715574274765817,0.9961946980917455,-0.7818314824680299,0.6234898018587334,5.8,0,0.0,0.699
2026-08-16 00:25:00,0,25,6,0,0.10886687485196457,0.9940563382223196,-0.7818314824680299,0.6234898018587334,6.85,0,0.313,1.149
2026-08-16 00:30:00,0,30,6,0,0.13052619222005157,0.9914448613738104,-0.7818314824680299,0.6234898018587334,10.54,3,1.062,0.32
2026-08-16 00:35:00,0,35,6,0,0.15212338618991672,0.9883615104677607,-0.7818314824680299,0.6234898018587334,8.32,1,0.699,0.363
2026-08-16 00:40:00,0,40,6,0,0.17364817766693033,0.984807753012208,-0.7818314824680299,0.6234898018587334,12.02,1,1.149,0.86
2026-08-16 00:45:00,0,45,6,0,0.19509032201612825,0.9807852804032304,-0.7818314824680299,0.6234898018587334,12.46,0,0.32,1.162
2026-08-16 00:50:00,0,50,6,0,0.21643961393810288,0.9762960071199334,-0.7818314824680299,0.6234898018587334,7.02,0,0.363,0.536
2026-08-16 00:55:00,0,55,6,0,0.23768589232617307,0.9713420698132614,-0.7818314824680299,0.6234898018587334,7.52,1,0.86,1.338
2026-08-16 01:00:00,1,0,6,0,0.25881904510252074,0.9659258262890683,-0.7818314824680299,0.6234898018587334,14.47,1,1.162,0.356
2026-08-16 01:05:00,1,5,6,0,0.27982901403099203,0.9600498543859287,-0.7818314824680299,0.6234898018587334,9.12,1,0.536,1.842
2026-08-16 01:10:00,1,10,6,0,0.3007057995042732,0.9537169507482269,-0.7818314824680299,0.6234898018587334,11.85,2,1.338,0.856
2026-08-16 01:15:00,1,15,6,0,0.3214394653031616,0.9469301294951057,-0.7818314824680299,0.6234898018587334,5.78,1,0.356,1.592
2026-08-16 01:20:00,1,20,6,0,0.3420201433256687,0.9396926207859084,-0.7818314824680299,0.6234898018587334,16.76,2,1.842,0.611
2026-08-16 01:25:00,1,25,6,0,0.36243803828370164,0.9320078692827986,-0.7818314824680299,0.6234898018587334,7.96,1,0.856,0.344
2026-08-16 01:30:00,1,30,6,0,0.3826834323650898,0.9238795325112867,-0.7818314824680299,0.6234898018587334,18.14,3,1.592,1.023
2026-08-16 01:35:00,1,35,6,0,0.40274668985873724,0.9153114791194471,-0.7818314824680299,0.6234898018587334,6.11,1,0.611,0.788
2026-08-16 01:40:00,1,40,6,0,0.4226182617406994,0.9063077870366499,-0.7818314824680299,0.6234898018587334,9.75,1,0.344,1.017
2026-08-16 01:45:00,1,45,6,0,0.44228869021900125,0.8968727415326884,-0.7818314824680299,0.6234898018587334,9.88,1,1.023,0.588
2026-08-16 01:50:00,1,50,6,0,0.46174861323503397,0.8870108331782217,-0.7818314824680299,0.6234898018587334,10.84,1,0.788,0.408
2026-08-16 01:55:00,1,55,6,0,0.48098876891938763,0.8767267557075077,-0.7818314824680299,0.6234898018587334,10.13,2,1.017,0.0
2026-08-16 02:00:00,2,0,6,0,0.49999999999999994,0.8660254037844387,-0.7818314824680299,0.6234898018587334,11.09,0,0.588,0.373
2026-08-16 02:05:00,2,5,6,0,0.5187732581605214,0.8549118706729466,-0.7818314824680299,0.6234898018587334,5.13,0,0.408,1.68
2026-08-16 02:10:00,2,10,6,0,0.5372996083468238,0.8433914458128857,-0.7818314824680299,0.6234898018587334,6.08,1,0.0,1.13
2026-08-16 02:15:00,2,15,6,0,0.5555702330196022,0.8314696123025452,-0.7818314824680299,0.6234898018587334,4.61,0,0.373,1.642
2026-08-16 02:20:00,2,20,6,0,0.5735764363510462,0.8191520442889918,-0.7818314824680299,0.6234898018587334,13.36,3,1.68,1.022
2026-08-16 02:25:00,2,25,6,0,0.5913096483635824,0.8064446042674827,-0.7818314824680299,0.6234898018587334,8.47,1,1.13,0.637
2026-08-16 02:30:00,2,30,6,0,0.6087614290087207,0.7933533402912352,-0.7818314824680299,0.6234898018587334,14.74,2,1.642,0.848
2026-08-16 02:35:00,2,35,6,0,0.6259234721840591,0.7798844830928818,-0.7818314824680299,0.6234898018587334,10.9,1,1.022,0.544
2026-08-16 02:40:00,2,40,6,0,0.6427876096865393,0.766044443118978,-0.7818314824680299,0.6234898018587334,14.5,1,0.637,1.023
2026-08-16 02:45:00,2,45,6,0,0.6593458151000688,0.7518398074789774,-0.7818314824680299,0.6234898018587334,11.64,1,0.848,0.409
2026-08-16 02:50:00,2,50,6,0,0.6755902076156602,0.7372773368101241,-0.7818314824680299,0.6234898018587334,4.23,0,0.544,1.541
2026-08-16 02:55:00,2,55,6,0,0.6915130557822694,0.7223639620597556,-0.7818314824680299,0.6234898018587334,9.14,3,1.023,1.16
2026-08-16 03:00:00,3,0,6,0,0.7071067811865476,0.7071067811865476,-0.7818314824680299,0.6234898018587334,10.31,2,0.409,0.542
2026-08-16 03:05:00,3,5,6,0,0.7223639620597555,0.6915130557822694,-0.7818314824680299,0.6234898018587334,12.64,3,1.541,0.879
2026-08-16 03:10:00,3,10,6,0,0.737277336810124,0.6755902076156602,-0.7818314824680299,0.6234898018587334,14.15,1,1.16,1.301
2026-08-16 03:15:00,3,15,6,0,0.7518398074789774,0.6593458151000688,-0.7818314824680299,0.6234898018587334,6.89,0,0.542,1.32
2026-08-16 03:20:00,3,20,6,0,0.766044443118978,0.6427876096865394,-0.7818314824680299,0.6234898018587334,11.56,1,0.879,0.651
2026-08-16 03:25:00,3,25,6,0,0.7798844830928817,0.6259234721840591,-0.7818314824680299,0.6234898018587334,17.98,1,1.301,0.822
2026-08-16 03:30:00,3,30,6,0,0.7933533402912352,0.6087614290087207,-0.7818314824680299,0.6234898018587334,16.86,2,1.32,0.267
2026-08-16 03:35:00,3,35,6,0,0.8064446042674825,0.5913096483635825,-0.7818314824680299,0.6234898018587334,6.76,1,0.651,0.861
2026-08-16 03:40:00,3,40,6,0,0.8191520442889917,0.5735764363510462,-0.7818314824680299,0.6234898018587334,7.04,3,0.822,0.063
2026-08-16 03:45:00,3,45,6,0,0.8314696123025451,0.5555702330196024,-0.7818314824680299,0.6234898018587334,8.81,1,0.267,1.076
2026-08-16 03:50:00,3,50,6,0,0.8433914458128856,0.5372996083468239,-0.7818314824680299,0.6234898018587334,8.72,2,0.861,0.769
2026-08-16 03:55:00,3,55,6,0,0.8549118706729466,0.5187732581605216,-0.7818314824680299,0.6234898018587334,2.28,0,0.063,0.278
2026-08-16 04:00:00,4,0,6,0,0.8660254037844386,0.5000000000000001,-0.7818314824680299,0.6234898018587334,7.57,2,1.076,0.974
2026-08-16 04:05:00,4,5,6,0,0.8767267557075077,0.48098876891938774,-0.7818314824680299,0.6234898018587334,9.3,2,0.769,0.876
2026-08-16 04:10:00,4,10,6,0,0.8870108331782217,0.46174861323503386,-0.7818314824680299,0.6234898018587334,6.5,0,0.278,0.295
2026-08-16 04:15:00,4,15,6,0,0.8968727415326884,0.44228869021900125,-0.7818314824680299,0.6234898018587334,8.9,2,0.974,1.237
2026-08-16 04:20:00,4,20,6,0,0.9063077870366498,0.4226182617406996,-0.7818314824680299,0.6234898018587334,11.0,2,0.876,1.076
2026-08-16 04:25:00,4,25,6,0,0.9153114791194471,0.40274668985873724,-0.7818314824680299,0.6234898018587334,3.65,0,0.295,1.613
2026-08-16 04:30:00,4,30,6,0,0.9238795325112867,0.38268343236508984,-0.7818314824680299,0.6234898018587334,12.78,1,1.237,0.149
2026-08-16 04:35:00,4,35,6,0,0.9320078692827984,0.3624380382837017,-0.7818314824680299,0.6234898018587334,10.65,1,1.076,1.261
2026-08-16 04:40:00,4,40,6,0,0.9396926207859084,0.3420201433256686,-0.7818314824680299,0.6234898018587334,19.99,2,1.613,0.905
2026-08-16 04:45:00,4,45,6,0,0.9469301294951056,0.3214394653031617,-0.7818314824680299,0.6234898018587334,15.14,0,0.149,0.492
2026-08-16 04:50:00,4,50,6,0,0.9537169507482268,0.3007057995042733,-0.7818314824680299,0.6234898018587334,10.72,1,1.261,0.171
2026-08-16 04:55:00,4,55,6,0,0.9600498543859287,0.27982901403099203,-0.7818314824680299,0.6234898018587334,9.4,1,0.905,1.16
2026-08-16 05:00:00,5,0,6,0,0.9659258262890683,0.25881904510252074,-0.7818314824680299,0.6234898018587334,5.97,1,0.492,0.298
2026-08-16 05:05:00,5,5,6,0,0.9713420698132614,0.2376858923261731,-0.7818314824680299,0.6234898018587334,7.74,0,0.171,1.778
2026-08-16 05:10:00,5,10,6,0,0.9762960071199334,0.2164396139381029,-0.7818314824680299,0.6234898018587334,9.16,1,1.16,0.513
2026-08-16 05:15:00,5,15,6,0,0.9807852804032304,0.19509032201612833,-0.7818314824680299,0.6234898018587334,10.27,0,0.298,0.95
2026-08-16 05:20:00,5,20,6,0,0.984807753012208,0.17364817766693041,-0.7818314824680299,0.6234898018587334,14.72,5,1.778,0.588
2026-08-16 05:25:00,5,25,6,0,0.9883615104677607,0.1521233861899168,-0.7818314824680299,0.6234898018587334,7.83,0,0.513,0.064
2026-08-16 05:30:00,5,30,6,0,0.9914448613738104,0.1305261922200517,-0.7818314824680299,0.6234898018587334,9.58,1,0.95,1.122
2026-08-16 05:35:00,5,35,6,0,0.9940563382223196,0.10886687485196474,-0.7818314824680299,0.6234898018587334,7.64,0,0.588,0.303
2026-08-16 05:40:00,5,40,6,0,0.9961946980917455,0.08715574274765814,-0.7818314824680299,0.6234898018587334,8.63,1,0.064,1.194
2026-08-16 05:45:00,5,45,6,0,0.9978589232386035,0.06540312923014327,-0.7818314824680299,0.6234898018587334,6.91,3,1.122,1.012
2026-08-16 05:50:00,5,50,6,0,0.9990482215818578,0.04361938736533601,-0.7818314824680299,0.6234898018587334,2.79,0,0.303,0.901
2026-08-16 05:55:00,5,55,6,0,0.9997620270799091,0.021814885034560937,-0.7818314824680299,0.6234898018587334,13.43,1,1.194,1.178
2026-08-16 06:00:00,6,0,6,0,1.0,6.123233995736766e-17,-0.7818314824680299,0.6234898018587334,11.45,2,1.012,0.671
2026-08-16 06:05:00,6,5,6,0,0.9997620270799091,-0.02181488503456081,-0.7818314824680299,0.6234898018587334,8.86,1,0.901,0.292
2026-08-16 06:10:00,6,10,6,0,0.9990482215818578,-0.04361938736533589,-0.7818314824680299,0.6234898018587334,8.26,1,1.178,0.03
2026-08-16 06:15:00,6,15,6,0,0.9978589232386035,-0.06540312923014314,-0.7818314824680299,0.6234898018587334,12.27,1,0.671,1.07
2026-08-16 06:20:00,6,20,6,0,0.9961946980917455,-0.08715574274765801,-0.7818314824680299,0.6234898018587334,8.21,0,0.292,0.768
2026-08-16 06:25:00,6,25,6,0,0.9940563382223196,-0.10886687485196461,-0.7818314824680299,0.6234898018587334,4.53,2,0.03,0.629
2026-08-16 06:30:00,6,30,6,0,0.9914448613738104,-0.1305261922200516,-0.7818314824680299,0.6234898018587334,14.09,1,1.07,0.558
2026-08-16 06:35:00,6,35,6,0,0.9883615104677607,-0.1521233861899167,-0.7818314824680299,0.6234898018587334,10.85,1,0.768,0.344
2026-08-16 06:40:00,6,40,6,0,0.984807753012208,-0.1736481776669303,-0.7818314824680299,0.6234898018587334,7.49,0,0.629,0.394
2026-08-16 06:45:00,6,45,6,0,0.9807852804032304,-0.1950903220161282,-0.7818314824680299,0.6234898018587334,5.02,0,0.558,0.011
2026-08-16 06:50:00,6,50,6,0,0.9762960071199334,-0.2164396139381028,-0.7818314824680299,0.6234898018587334,2.92,2,0.344,0.116
2026-08-16 06:55:00,6,55,6,0,0.9713420698132614,-0.23768589232617318,-0.7818314824680299,0.6234898018587334,5.02,1,0.394,0.906
2026-08-16 07:00:00,7,0,6,0,0.9659258262890683,-0.25881904510252063,-0.7818314824680299,0.6234898018587334,0.92,1,0.011,0.964
2026-08-16 07:05:00,7,5,6,0,0.9600498543859287,-0.2798290140309919,-0.7818314824680299,0.6234898018587334,3.37,1,0.116,0.557
2026-08-16 07:10:00,7,10,6,0,0.9537169507482269,-0.30070579950427295,-0.7818314824680299,0.6234898018587334,13.87,1,0.906,1.159
2026-08-16 07:15:00,7,15,6,0,0.9469301294951057,-0.3214394653031616,-0.7818314824680299,0.6234898018587334,10.12,1,0.964,1.151
2026-08-16 07:20:00,7,20,6,0,0.9396926207859084,-0.3420201433256685,-0.7818314824680299,0.6234898018587334,7.65,1,0.557,0.431
2026-08-16 07:25:00,7,25,6,0,0.9320078692827986,-0.3624380382837016,-0.7818314824680299,0.6234898018587334,7.08,2,1.159,0.458
2026-08-16 07:30:00,7,30,6,0,0.9238795325112868,-0.3826834323650895,-0.7818314824680299,0.6234898018587334,3.77,2,1.151,0.2
2026-08-16 07:35:00,7,35,6,0,0.9153114791194472,-0.40274668985873713,-0.7818314824680299,0.6234898018587334,7.7,1,0.431,0.689
2026-08-16 07:40:00,7,40,6,0,0.90630778703665,-0.42261826174069933,-0.7818314824680299,0.6234898018587334,4.36,2,0.458,0.933
2026-08-16 07:45:00,7,45,6,0,0.8968727415326884,-0.44228869021900113,-0.7818314824680299,0.6234898018587334,5.07,0,0.2,0.269
2026-08-16 07:50:00,7,50,6,0,0.8870108331782218,-0.4617486132350338,-0.7818314824680299,0.6234898018587334,13.4,1,0.689,1.314
2026-08-16 07:55:00,7,55,6,0,0.8767267557075076,-0.48098876891938785,-0.7818314824680299,0.6234898018587334,9.45,2,0.933,0.62
2026-08-16 08:00:00,8,0,6,0,0.8660254037844387,-0.4999999999999998,-0.7818314824680299,0.6234898018587334,3.01,0,0.269,0.768
2026-08-16 08:05:00,8,5,6,0,0.8549118706729465,-0.5187732581605216,-0.7818314824680299,0.6234898018587334,17.4,2,1.314,1.13
2026-08-16 08:10:00,8,10,6,0,0.8433914458128858,-0.5372996083468236,-0.7818314824680299,0.6234898018587334,9.98,0,0.62,1.218
2026-08-16 08:15:00,8,15,6,0,0.8314696123025451,-0.5555702330196023,-0.7818314824680299,0.6234898018587334,12.04,3,0.768,0.059
2026-08-16 08:20:00,8,20,6,0,0.8191520442889917,-0.5735764363510462,-0.7818314824680299,0.6234898018587334,11.52,1,1.13,1.586
2026-08-16 08:25:00,8,25,6,0,0.8064446042674828,-0.5913096483635821,-0.7818314824680299,0.6234898018587334,14.71,1,1.218,0.575
2026-08-16 08:30:00,8,30,6,0,0.7933533402912352,-0.6087614290087207,-0.7818314824680299,0.6234898018587334,9.5,0,0.059,0.226
2026-08-16 08:35:00,8,35,6,0,0.7798844830928817,-0.6259234721840591,-0.7818314824680299,0.6234898018587334,14.41,2,1.586,0.502
2026-08-16 08:40:00,8,40,6,0,0.7660444431189783,-0.642787609686539,-0.7818314824680299,0.6234898018587334,6.22,0,0.575,0.891
2026-08-16 08:45:00,8,45,6,0,0.7518398074789774,-0.6593458151000688,-0.7818314824680299,0.6234898018587334,0.26,0,0.226,0.107
2026-08-16 08:50:00,8,50,6,0,0.7372773368101241,-0.6755902076156602,-0.7818314824680299,0.6234898018587334,9.43,0,0.502,1.26
2026-08-16 08:55:00,8,55,6,0,0.7223639620597556,-0.6915130557822693,-0.7818314824680299,0.6234898018587334,10.13,2,0.891,1.1
2026-08-16 09:00:00,9,0,6,0,0.7071067811865476,-0.7071067811865475,-0.7818314824680299,0.6234898018587334,7.61,1,0.107,0.733
2026-08-16 09:05:00,9,5,6,0,0.6915130557822694,-0.7223639620597555,-0.7818314824680299,0.6234898018587334,10.64,1,1.26,0.0
2026-08-16 09:10:00,9,10,6,0,0.6755902076156604,-0.737277336810124,-0.7818314824680299,0.6234898018587334,11.25,1,1.1,0.556
2026-08-16 09:15:00,9,15,6,0,0.659345815100069,-0.7518398074789773,-0.7818314824680299,0.6234898018587334,10.74,1,0.733,0.176
2026-08-16 09:20:00,9,20,6,0,0.6427876096865391,-0.7660444431189782,-0.7818314824680299,0.6234898018587334,3.13,0,0.0,0.327
2026-08-16 09:25:00,9,25,6,0,0.6259234721840592,-0.7798844830928817,-0.7818314824680299,0.6234898018587334,11.43,0,0.556,0.737
2026-08-16 09:30:00,9,30,6,0,0.6087614290087209,-0.793353340291235,-0.7818314824680299,0.6234898018587334,3.52,1,0.176,0.982
2026-08-16 09:35:00,9,35,6,0,0.5913096483635822,-0.8064446042674827,-0.7818314824680299,0.6234898018587334,2.52,0,0.327,0.0
2026-08-16 09:40:00,9,40,6,0,0.5735764363510464,-0.8191520442889916,-0.7818314824680299,0.6234898018587334,10.97,1,0.737,0.769
2026-08-16 09:45:00,9,45,6,0,0.5555702330196025,-0.831469612302545,-0.7818314824680299,0.6234898018587334,6.37,1,0.982,2.706
2026-08-16 09:50:00,9,50,6,0,0.5372996083468238,-0.8433914458128857,-0.7818314824680299,0.6234898018587334,1.11,0,0.0,2.78
2026-08-16 09:55:00,9,55,6,0,0.5187732581605218,-0.8549118706729464,-0.7818314824680299,0.6234898018587334,14.33,2,0.769,3.038
2026-08-16 10:00:00,10,0,6,0,0.49999999999999994,-0.8660254037844387,-0.7818314824680299,0.6234898018587334,34.5,4,2.706,3.042
2026-08-16 10:05:00,10,5,6,0,0.48098876891938763,-0.8767267557075077,-0.7818314824680299,0.6234898018587334,37.37,4,2.78,3.886
2026-08-16 10:10:00,10,10,6,0,0.4617486132350339,-0.8870108331782217,-0.7818314824680299,0.6234898018587334,41.34,4,3.038,3.035
2026-08-16 10:15:00,10,15,6,0,0.4422886902190017,-0.8968727415326881,-0.7818314824680299,0.6234898018587334,41.44,4,3.042,2.537
2026-08-16 10:20:00,10,20,6,0,0.4226182617406995,-0.9063077870366499,-0.7818314824680299,0.6234898018587334,41.95,5,3.886,3.228
2026-08-16 10:25:00,10,25,6,0,0.4027466898587373,-0.9153114791194471,-0.7818314824680299,0.6234898018587334,36.73,4,3.035,2.648
2026-08-16 10:30:00,10,30,6,0,0.3826834323650899,-0.9238795325112867,-0.7818314824680299,0.6234898018587334,33.39,3,2.537,3.342
2026-08-16 10:35:00,10,35,6,0,0.36243803828370136,-0.9320078692827987,-0.7818314824680299,0.6234898018587334,34.08,4,3.228,3.438
2026-08-16 10:40:00,10,40,6,0,0.3420201433256689,-0.9396926207859083,-0.7818314824680299,0.6234898018587334,39.43,3,2.648,3.367
2026-08-16 10:45:00,10,45,6,0,0.32143946530316175,-0.9469301294951056,-0.7818314824680299,0.6234898018587334,39.09,5,3.342,3.54
2026-08-16 10:50:00,10,50,6,0,0.30070579950427334,-0.9537169507482268,-0.7818314824680299,0.6234898018587334,44.4,6,3.438,3.859
2026-08-16 10:55:00,10,55,6,0,0.2798290140309927,-0.9600498543859285,-0.7818314824680299,0.6234898018587334,44.09,5,3.367,3.469
2026-08-16 11:00:00,11,0,6,0,0.258819045102521,-0.9659258262890682,-0.7818314824680299,0.6234898018587334,40.15,5,3.54,2.812
2026-08-16 11:05:00,11,5,6,0,0.23768589232617293,-0.9713420698132614,-0.7818314824680299,0.6234898018587334,48.37,5,3.859,3.464
2026-08-16 11:10:00,11,10,6,0,0.21643961393810318,-0.9762960071199333,-0.7818314824680299,0.6234898018587334,39.39,5,3.469,3.373
2026-08-16 11:15:00,11,15,6,0,0.19509032201612816,-0.9807852804032304,-0.7818314824680299,0.6234898018587334,39.27,4,2.812,2.359
2026-08-16 11:20:00,11,20,6,0,0.17364817766693028,-0.984807753012208,-0.7818314824680299,0.6234898018587334,46.69,5,3.464,3.077
2026-08-16 11:25:00,11,25,6,0,0.15212338618991708,-0.9883615104677607,-0.7818314824680299,0.6234898018587334,40.4,6,3.373,2.933
2026-08-16 11:30:00,11,30,6,0,0.130526192220052,-0.9914448613738104,-0.7818314824680299,0.6234898018587334,33.39,3,2.359,3.034
2026-08-16 11:35:00,11,35,6,0,0.10886687485196457,-0.9940563382223196,-0.7818314824680299,0.6234898018587334,42.58,4,3.077,3.012
2026-08-16 11:40:00,11,40,6,0,0.0871557427476582,-0.9961946980917455,-0.7818314824680299,0.6234898018587334,40.65,5,2.933,3.235
2026-08-16 11:45:00,11,45,6,0,0.06540312923014312,-0.9978589232386035,-0.7818314824680299,0.6234898018587334,43.98,7,3.034,2.539
2026-08-16 11:50:00,11,50,6,0,0.043619387365335625,-0.9990482215818578,-0.7818314824680299,0.6234898018587334,41.01,5,3.012,3.328
2026-08-16 11:55:00,11,55,6,0,0.021814885034561218,-0.9997620270799091,-0.7818314824680299,0.6234898018587334,42.98,4,3.235,4.08
2026-08-16 12:00:00,12,0,6,0,1.2246467991473532e-16,-1.0,-0.7818314824680299,0.6234898018587334,40.41,3,2.539,2.737
2026-08-16 12:05:00,12,5,6,0,-0.021814885034560975,-0.9997620270799091,-0.7818314824680299,0.6234898018587334,36.64,5,3.328,3.357
2026-08-16 12:10:00,12,10,6,0,-0.04361938736533538,-0.9990482215818578,-0.7818314824680299,0.6234898018587334,48.35,6,4.08,2.676
2026-08-16 12:15:00,12,15,6,0,-0.06540312923014287,-0.9978589232386035,-0.7818314824680299,0.6234898018587334,40.0,5,2.737,3.251
2026-08-16 12:20:00,12,20,6,0,-0.08715574274765794,-0.9961946980917455,-0.7818314824680299,0.6234898018587334,37.6,5,3.357,3.267
2026-08-16 12:25:00,12,25,6,0,-0.10886687485196432,-0.9940563382223196,-0.7818314824680299,0.6234898018587334,35.05,4,2.676,3.674
2026-08-16 12:30:00,12,30,6,0,-0.13052619222005177,-0.9914448613738104,-0.7818314824680299,0.6234898018587334,40.55,4,3.251,2.799
2026-08-16 12:35:00,12,35,6,0,-0.15212338618991683,-0.9883615104677607,-0.7818314824680299,0.6234898018587334,42.81,6,3.267,3.632
2026-08-16 12:40:00,12,40,6,0,-0.17364817766693003,-0.9848077530122081,-0.7818314824680299,0.6234898018587334,38.22,6,3.674,3.744
2026-08-16 12:45:00,12,45,6,0,-0.19509032201612792,-0.9807852804032305,-0.7818314824680299,0.6234898018587334,40.14,4,2.799,2.773
2026-08-16 12:50:00,12,50,6,0,-0.21643961393810293,-0.9762960071199334,-0.7818314824680299,0.6234898018587334,42.41,6,3.632,2.933
2026-08-16 12:55:00,12,55,6,0,-0.2376858923261727,-0.9713420698132615,-0.7818314824680299,0.6234898018587334,40.01,7,3.744,3.367
2026-08-16 13:00:00,13,0,6,0,-0.2588190451025208,-0.9659258262890683,-0.7818314824680299,0.6234898018587334,42.74,4,2.773,2.919
2026-08-16 13:05:00,13,5,6,0,-0.2798290140309925,-0.9600498543859286,-0.7818314824680299,0.6234898018587334,41.17,6,2.933,3.777
2026-08-16 13:10:00,13,10,6,0,-0.30070579950427306,-0.9537169507482269,-0.7818314824680299,0.6234898018587334,36.01,5,3.367,3.221
2026-08-16 13:15:00,13,15,6,0,-0.32143946530316153,-0.9469301294951057,-0.7818314824680299,0.6234898018587334,40.38,5,2.919,3.133
2026-08-16 13:20:00,13,20,6,0,-0.34202014332566866,-0.9396926207859084,-0.7818314824680299,0.6234898018587334,40.66,5,3.777,3.528
2026-08-16 13:25:00,13,25,6,0,-0.36243803828370114,-0.9320078692827987,-0.7818314824680299,0.6234898018587334,41.74,6,3.221,3.04
2026-08-16 13:30:00,13,30,6,0,-0.38268343236508967,-0.9238795325112868,-0.7818314824680299,0.6234898018587334,43.75,4,3.133,2.679
2026-08-16 13:35:00,13,35,6,0,-0.4027466898587371,-0.9153114791194472,-0.7818314824680299,0.6234898018587334,43.45,5,3.528,3.383
2026-08-16 13:40:00,13,40,6,0,-0.4226182617406993,-0.90630778703665,-0.7818314824680299,0.6234898018587334,35.9,5,3.04,2.425
2026-08-16 13:45:00,13,45,6,0,-0.44228869021900147,-0.8968727415326883,-0.7818314824680299,0.6234898018587334,37.34,4,2.679,3.592
2026-08-16 13:50:00,13,50,6,0,-0.46174861323503413,-0.8870108331782216,-0.7818314824680299,0.6234898018587334,39.14,5,3.383,3.831
2026-08-16 13:55:00,13,55,6,0,-0.4809887689193874,-0.8767267557075078,-0.7818314824680299,0.6234898018587334,32.37,5,2.425,3.449
2026-08-16 14:00:00,14,0,6,0,-0.4999999999999997,-0.8660254037844388,-0.7818314824680299,0.6234898018587334,40.8,5,3.592,2.967
2026-08-16 14:05:00,14,5,6,0,-0.5187732581605216,-0.8549118706729465,-0.7818314824680299,0.6234898018587334,40.55,6,3.831,3.091
2026-08-16 14:10:00,14,10,6,0,-0.5372996083468236,-0.8433914458128858,-0.7818314824680299,0.6234898018587334,43.62,6,3.449,3.062
2026-08-16 14:15:00,14,15,6,0,-0.555570233019602,-0.8314696123025455,-0.7818314824680299,0.6234898018587334,33.46,6,2.967,2.55
2026-08-16 14:20:00,14,20,6,0,-0.5735764363510458,-0.819152044288992,-0.7818314824680299,0.6234898018587334,44.29,4,3.091,3.837
2026-08-16 14:25:00,14,25,6,0,-0.5913096483635824,-0.8064446042674825,-0.7818314824680299,0.6234898018587334,39.83,4,3.062,2.968
2026-08-16 14:30:00,14,30,6,0,-0.6087614290087207,-0.7933533402912352,-0.7818314824680299,0.6234898018587334,33.46,3,2.55,3.607
2026-08-16 14:35:00,14,35,6,0,-0.6259234721840591,-0.7798844830928818,-0.7818314824680299,0.6234898018587334,40.6,5,3.837,3.727
2026-08-16 14:40:00,14,40,6,0,-0.6427876096865389,-0.7660444431189783,-0.7818314824680299,0.6234898018587334,43.45,4,2.968,3.785
2026-08-16 14:45:00,14,45,6,0,-0.6593458151000688,-0.7518398074789774,-0.7818314824680299,0.6234898018587334,42.35,6,3.607,2.511
2026-08-16 14:50:00,14,50,6,0,-0.6755902076156601,-0.7372773368101241,-0.7818314824680299,0.6234898018587334,38.88,6,3.727,3.34
2026-08-16 14:55:00,14,55,6,0,-0.691513055782269,-0.722363962059756,-0.7818314824680299,0.6234898018587334,45.18,5,3.785,3.532
2026-08-16 15:00:00,15,0,6,0,-0.7071067811865471,-0.7071067811865479,-0.7818314824680299,0.6234898018587334,34.62,4,2.511,3.836
2026-08-16 15:05:00,15,5,6,0,-0.7223639620597557,-0.6915130557822692,-0.7818314824680299,0.6234898018587334,38.55,6,3.34,4.124
2026-08-16 15:10:00,15,10,6,0,-0.7372773368101239,-0.6755902076156604,-0.7818314824680299,0.6234898018587334,40.3,5,3.532,3.176
2026-08-16 15:15:00,15,15,6,0,-0.7518398074789773,-0.6593458151000691,-0.7818314824680299,0.6234898018587334,46.15,6,3.836,3.328
2026-08-16 15:20:00,15,20,6,0,-0.7660444431189779,-0.6427876096865395,-0.7818314824680299,0.6234898018587334,49.28,6,4.124,3.251
2026-08-16 15:25:00,15,25,6,0,-0.7798844830928814,-0.6259234721840596,-0.7818314824680299,0.6234898018587334,40.72,5,3.176,3.395
2026-08-16 15:30:00,15,30,6,0,-0.7933533402912349,-0.6087614290087209,-0.7818314824680299,0.6234898018587334,43.47,4,3.328,3.248
2026-08-16 15:35:00,15,35,6,0,-0.8064446042674827,-0.5913096483635822,-0.7818314824680299,0.6234898018587334,38.63,4,3.251,3.173
2026-08-16 15:40:00,15,40,6,0,-0.8191520442889916,-0.5735764363510464,-0.7818314824680299,0.6234898018587334,40.74,5,3.395,3.075
2026-08-16 15:45:00,15,45,6,0,-0.8314696123025452,-0.5555702330196022,-0.7818314824680299,0.6234898018587334,35.71,4,3.248,2.588
2026-08-16 15:50:00,15,50,6,0,-0.8433914458128859,-0.5372996083468234,-0.7818314824680299,0.6234898018587334,34.65,4,3.173,0.872
2026-08-16 15:55:00,15,55,6,0,-0.8549118706729466,-0.5187732581605214,-0.7818314824680299,0.6234898018587334,40.22,5,3.075,1.001
2026-08-16 16:00:00,16,0,6,0,-0.8660254037844385,-0.5000000000000004,-0.7818314824680299,0.6234898018587334,34.81,3,2.588,0.487
2026-08-16 16:05:00,16,5,6,0,-0.8767267557075072,-0.48098876891938847,-0.7818314824680299,0.6234898018587334,11.06,1,0.872,0.46
2026-08-16 16:10:00,16,10,6,0,-0.8870108331782218,-0.4617486132350336,-0.7818314824680299,0.6234898018587334,11.59,1,1.001,1.094
2026-08-16 16:15:00,16,15,6,0,-0.8968727415326883,-0.44228869021900136,-0.7818314824680299,0.6234898018587334,9.35,1,0.487,0.681
2026-08-16 16:20:00,16,20,6,0,-0.9063077870366497,-0.42261826174069994,-0.7818314824680299,0.6234898018587334,5.43,0,0.46,0.745
2026-08-16 16:25:00,16,25,6,0,-0.9153114791194471,-0.40274668985873735,-0.7818314824680299,0.6234898018587334,12.82,1,1.094,1.29
2026-08-16 16:30:00,16,30,6,0,-0.9238795325112868,-0.3826834323650895,-0.7818314824680299,0.6234898018587334,7.65,1,0.681,0.841
2026-08-16 16:35:00,16,35,6,0,-0.9320078692827984,-0.3624380382837018,-0.7818314824680299,0.6234898018587334,12.04,1,0.745,0.672
2026-08-16 16:40:00,16,40,6,0,-0.9396926207859084,-0.34202014332566855,-0.7818314824680299,0.6234898018587334,19.35,1,1.29,0.812
2026-08-16 16:45:00,16,45,6,0,-0.9469301294951056,-0.3214394653031618,-0.7818314824680299,0.6234898018587334,6.52,2,0.841,0.578
2026-08-16 16:50:00,16,50,6,0,-0.9537169507482267,-0.3007057995042738,-0.7818314824680299,0.6234898018587334,6.95,1,0.672,1.056
2026-08-16 16:55:00,16,55,6,0,-0.9600498543859286,-0.27982901403099236,-0.7818314824680299,0.6234898018587334,13.29,1,0.812,0.102
2026-08-16 17:00:00,17,0,6,0,-0.9659258262890683,-0.25881904510252063,-0.7818314824680299,0.6234898018587334,11.85,0,0.578,1.355
2026-08-16 17:05:00,17,5,6,0,-0.9713420698132613,-0.23768589232617343,-0.7818314824680299,0.6234898018587334,16.12,2,1.056,0.053
2026-08-16 17:10:00,17,10,6,0,-0.9762960071199334,-0.21643961393810282,-0.7818314824680299,0.6234898018587334,6.74,0,0.102,0.977
2026-08-16 17:15:00,17,15,6,0,-0.9807852804032303,-0.19509032201612866,-0.7818314824680299,0.6234898018587334,10.13,3,1.355,0.631
2026-08-16 17:20:00,17,20,6,0,-0.9848077530122079,-0.1736481776669312,-0.7818314824680299,0.6234898018587334,5.31,0,0.053,1.0
2026-08-16 17:25:00,17,25,6,0,-0.9883615104677608,-0.15212338618991628,-0.7818314824680299,0.6234898018587334,14.36,2,0.977,1.888
2026-08-16 17:30:00,17,30,6,0,-0.9914448613738104,-0.13052619222005163,-0.7818314824680299,0.6234898018587334,8.06,1,0.631,1.14
2026-08-16 17:35:00,17,35,6,0,-0.9940563382223195,-0.10886687485196507,-0.7818314824680299,0.6234898018587334,9.93,1,1.0,0.291
2026-08-16 17:40:00,17,40,6,0,-0.9961946980917455,-0.08715574274765825,-0.7818314824680299,0.6234898018587334,15.31,2,1.888,0.467
2026-08-16 17:45:00,17,45,6,0,-0.9978589232386035,-0.06540312923014273,-0.7818314824680299,0.6234898018587334,17.57,2,1.14,1.166
2026-08-16 17:50:00,17,50,6,0,-0.9990482215818578,-0.04361938736533613,-0.7818314824680299,0.6234898018587334,6.91,0,0.291,0.213
2026-08-16 17:55:00,17,55,6,0,-0.9997620270799091,-0.021814885034560836,-0.7818314824680299,0.6234898018587334,7.13,0,0.467,1.107
2026-08-16 18:00:00,18,0,6,0,-1.0,-1.8369701987210297e-16,-0.7818314824680299,0.6234898018587334,12.9,1,1.166,0.0
2026-08-16 18:05:00,18,5,6,0,-0.9997620270799091,0.021814885034560468,-0.7818314824680299,0.6234898018587334,4.07,0,0.213,0.451
2026-08-16 18:10:00,18,10,6,0,-0.9990482215818578,0.043619387365335764,-0.7818314824680299,0.6234898018587334,10.57,1,1.107,0.282
2026-08-16 18:15:00,18,15,6,0,-0.9978589232386036,0.06540312923014237,-0.7818314824680299,0.6234898018587334,4.74,1,0.0,1.235
2026-08-16 18:20:00,18,20,6,0,-0.9961946980917455,0.08715574274765789,-0.7818314824680299,0.6234898018587334,12.84,0,0.451,1.178
2026-08-16 18:25:00,18,25,6,0,-0.9940563382223196,0.10886687485196471,-0.7818314824680299,0.6234898018587334,8.47,0,0.282,0.556
2026-08-16 18:30:00,18,30,6,0,-0.9914448613738105,0.13052619222005127,-0.7818314824680299,0.6234898018587334,18.95,2,1.235,1.176
2026-08-16 18:35:00,18,35,6,0,-0.9883615104677609,0.15212338618991592,-0.7818314824680299,0.6234898018587334,10.78,1,1.178,1.315
2026-08-16 18:40:00,18,40,6,0,-0.984807753012208,0.17364817766693083,-0.7818314824680299,0.6234898018587334,9.76,1,0.556,0.0
2026-08-16 18:45:00,18,45,6,0,-0.9807852804032304,0.1950903220161283,-0.7818314824680299,0.6234898018587334,9.91,1,1.176,0.524
2026-08-16 18:50:00,18,50,6,0,-0.9762960071199335,0.21643961393810246,-0.7818314824680299,0.6234898018587334,13.93,1,1.315,0.294
2026-08-16 18:55:00,18,55,6,0,-0.9713420698132614,0.23768589232617307,-0.7818314824680299,0.6234898018587334,0.0,0,0.0,1.12
2026-08-16 19:00:00,19,0,6,0,-0.9659258262890684,0.2588190451025203,-0.7818314824680299,0.6234898018587334,7.96,0,0.524,0.903
2026-08-16 19:05:00,19,5,6,0,-0.9600498543859287,0.279829014030992,-0.7818314824680299,0.6234898018587334,7.79,0,0.294,0.582
2026-08-16 19:10:00,19,10,6,0,-0.9537169507482268,0.30070579950427345,-0.7818314824680299,0.6234898018587334,10.35,1,1.12,0.807
2026-08-16 19:15:00,19,15,6,0,-0.9469301294951057,0.3214394653031615,-0.7818314824680299,0.6234898018587334,5.35,2,0.903,0.022
2026-08-16 19:20:00,19,20,6,0,-0.9396926207859085,0.34202014332566816,-0.7818314824680299,0.6234898018587334,9.75,0,0.582,1.26
2026-08-16 19:25:00,19,25,6,0,-0.9320078692827986,0.36243803828370147,-0.7818314824680299,0.6234898018587334,7.98,1,0.807,1.174
2026-08-16 19:30:00,19,30,6,0,-0.923879532511287,0.38268343236508917,-0.7818314824680299,0.6234898018587334,6.43,0,0.022,0.868
2026-08-16 19:35:00,19,35,6,0,-0.9153114791194472,0.402746689858737,-0.7818314824680299,0.6234898018587334,15.69,1,1.26,0.305
2026-08-16 19:40:00,19,40,6,0,-0.9063077870366498,0.4226182617406996,-0.7818314824680299,0.6234898018587334,14.8,2,1.174,1.039
2026-08-16 19:45:00,19,45,6,0,-0.8968727415326884,0.442288690219001,-0.7818314824680299,0.6234898018587334,12.08,1,0.868,2.62
2026-08-16 19:50:00,19,50,6,0,-0.887010833178222,0.46174861323503325,-0.7818314824680299,0.6234898018587334,7.1,1,0.305,2.318
2026-08-16 19:55:00,19,55,6,0,-0.8767267557075075,0.48098876891938813,-0.7818314824680299,0.6234898018587334,8.17,1,1.039,2.049
2026-08-16 20:00:00,20,0,6,0,-0.8660254037844386,0.5000000000000001,-0.7818314824680299,0.6234898018587334,29.11,3,2.62,2.356
2026-08-16 20:05:00,20,5,6,0,-0.8549118706729468,0.5187732581605211,-0.7818314824680299,0.6234898018587334,33.17,3,2.318,1.756
2026-08-16 20:10:00,20,10,6,0,-0.8433914458128857,0.5372996083468239,-0.7818314824680299,0.6234898018587334,29.13,4,2.049,3.335
2026-08-16 20:15:00,20,15,6,0,-0.8314696123025455,0.5555702330196018,-0.7818314824680299,0.6234898018587334,27.58,5,2.356,1.566
2026-08-16 20:20:00,20,20,6,0,-0.8191520442889918,0.573576436351046,-0.7818314824680299,0.6234898018587334,25.1,2,1.756,1.947
2026-08-16 20:25:00,20,25,6,0,-0.8064446042674829,0.591309648363582,-0.7818314824680299,0.6234898018587334,40.55,5,3.335,3.085
2026-08-16 20:30:00,20,30,6,0,-0.7933533402912357,0.6087614290087199,-0.7818314824680299,0.6234898018587334,21.08,3,1.566,2.25
2026-08-16 20:35:00,20,35,6,0,-0.7798844830928816,0.6259234721840593,-0.7818314824680299,0.6234898018587334,28.45,2,1.947,2.858
2026-08-16 20:40:00,20,40,6,0,-0.7660444431189781,0.6427876096865393,-0.7818314824680299,0.6234898018587334,35.67,5,3.085,2.036
2026-08-16 20:45:00,20,45,6,0,-0.7518398074789772,0.6593458151000691,-0.7818314824680299,0.6234898018587334,27.6,4,2.25,2.296
2026-08-16 20:50:00,20,50,6,0,-0.7372773368101242,0.6755902076156601,-0.7818314824680299,0.6234898018587334,33.87,4,2.858,2.238
2026-08-16 20:55:00,20,55,6,0,-0.7223639620597554,0.6915130557822695,-0.7818314824680299,0.6234898018587334,26.9,3,2.036,2.03
2026-08-16 21:00:00,21,0,6,0,-0.7071067811865477,0.7071067811865474,-0.7818314824680299,0.6234898018587334,28.39,3,2.296,2.298
2026-08-16 21:05:00,21,5,6,0,-0.6915130557822698,0.7223639620597551,-0.7818314824680299,0.6234898018587334,29.69,5,2.238,2.277
2026-08-16 21:10:00,21,10,6,0,-0.6755902076156598,0.7372773368101244,-0.7818314824680299,0.6234898018587334,25.16,5,2.03,2.814
2026-08-16 21:15:00,21,15,6,0,-0.6593458151000687,0.7518398074789775,-0.7818314824680299,0.6234898018587334,26.33,3,2.298,2.693
2026-08-16 21:20:00,21,20,6,0,-0.6427876096865396,0.7660444431189778,-0.7818314824680299,0.6234898018587334,25.84,3,2.277,1.762
2026-08-16 21:25:00,21,25,6,0,-0.625923472184059,0.7798844830928818,-0.7818314824680299,0.6234898018587334,32.68,4,2.814,1.917
2026-08-16 21:30:00,21,30,6,0,-0.608761429008721,0.7933533402912349,-0.7818314824680299,0.6234898018587334,32.02,5,2.693,3.045
2026-08-16 21:35:00,21,35,6,0,-0.591309648363583,0.8064446042674821,-0.7818314824680299,0.6234898018587334,26.28,2,1.762,2.674
2026-08-16 21:40:00,21,40,6,0,-0.5735764363510465,0.8191520442889916,-0.7818314824680299,0.6234898018587334,26.52,2,1.917,2.398
2026-08-16 21:45:00,21,45,6,0,-0.555570233019603,0.8314696123025447,-0.7818314824680299,0.6234898018587334,33.84,4,3.045,2.704
2026-08-16 21:50:00,21,50,6,0,-0.537299608346825,0.8433914458128849,-0.7818314824680299,0.6234898018587334,30.5,4,2.674,2.967
2026-08-16 21:55:00,21,55,6,0,-0.5187732581605214,0.8549118706729466,-0.7818314824680299,0.6234898018587334,26.76,4,2.398,2.8
2026-08-16 22:00:00,22,0,6,0,-0.5000000000000004,0.8660254037844384,-0.7818314824680299,0.6234898018587334,29.26,5,2.704,2.666
2026-08-16 22:05:00,22,5,6,0,-0.48098876891938774,0.8767267557075077,-0.7818314824680299,0.6234898018587334,34.41,4,2.967,1.819
2026-08-16 22:10:00,22,10,6,0,-0.46174861323503363,0.8870108331782218,-0.7818314824680299,0.6234898018587334,26.73,5,2.8,2.879
2026-08-16 22:15:00,22,15,6,0,-0.4422886902190014,0.8968727415326883,-0.7818314824680299,0.6234898018587334,31.61,3,2.666,2.205
2026-08-16 22:20:00,22,20,6,0,-0.4226182617407,0.9063077870366497,-0.7818314824680299,0.6234898018587334,28.03,3,1.819,2.389
2026-08-16 22:25:00,22,25,6,0,-0.40274668985873663,0.9153114791194474,-0.7818314824680299,0.6234898018587334,35.57,4,2.879,2.55
2026-08-16 22:30:00,22,30,6,0,-0.38268343236508956,0.9238795325112868,-0.7818314824680299,0.6234898018587334,24.87,3,2.205,2.07
2026-08-16 22:35:00,22,35,6,0,-0.36243803828370186,0.9320078692827984,-0.7818314824680299,0.6234898018587334,29.54,3,2.389,2.305
2026-08-16 22:40:00,22,40,6,0,-0.3420201433256686,0.9396926207859084,-0.7818314824680299,0.6234898018587334,28.39,5,2.55,1.56
2026-08-16 22:45:00,22,45,6,0,-0.32143946530316186,0.9469301294951056,-0.7818314824680299,0.6234898018587334,26.3,4,2.07,2.978
2026-08-16 22:50:00,22,50,6,0,-0.30070579950427384,0.9537169507482267,-0.7818314824680299,0.6234898018587334,29.43,5,2.305,1.665
2026-08-16 22:55:00,22,55,6,0,-0.2798290140309924,0.9600498543859286,-0.7818314824680299,0.6234898018587334,23.38,2,1.56,2.416
2026-08-16 23:00:00,23,0,6,0,-0.25881904510252157,0.9659258262890681,-0.7818314824680299,0.6234898018587334,41.12,5,2.978,3.025
2026-08-16 23:05:00,23,5,6,0,-0.23768589232617435,0.9713420698132611,-0.7818314824680299,0.6234898018587334,21.69,2,1.665,3.381
2026-08-16 23:10:00,23,10,6,0,-0.21643961393810288,0.9762960071199334,-0.7818314824680299,0.6234898018587334,23.07,3,2.416,1.722
2026-08-16 23:15:00,23,15,6,0,-0.19509032201612872,0.9807852804032303,-0.7818314824680299,0.6234898018587334,33.59,5,3.025,2.261
2026-08-16 23:20:00,23,20,6,0,-0.1736481776669304,0.984807753012208,-0.7818314824680299,0.6234898018587334,35.56,5,3.381,2.675
2026-08-16 23:25:00,23,25,6,0,-0.1521233861899172,0.9883615104677607,-0.7818314824680299,0.6234898018587334,22.08,2,1.722,2.539
2026-08-16 23:30:00,23,30,6,0,-0.13052619222005168,0.9914448613738104,-0.7818314824680299,0.6234898018587334,28.96,4,2.261,1.917
2026-08-16 23:35:00,23,35,6,0,-0.10886687485196514,0.9940563382223195,-0.7818314824680299,0.6234898018587334,29.31,4,2.675,2.197
2026-08-16 23:40:00,23,40,6,0,-0.08715574274765743,0.9961946980917455,-0.7818314824680299,0.6234898018587334,30.12,4,2.539,1.966
